{
  "protocol": "V2_026_ORGANIZATIONAL_PHASE_SPACE",
  "status": "FAIL",
  "replay_collapse_detected": true,
  "ev_replay_distance": 0.026447648466105998,
  "threshold": 0.1,
  "names": [
    "static",
    "evolving",
    "replay",
    "random",
    "burst"
  ],
  "vectors": [
    [
      0.9658829168363023,
      0.17403364636602492,
      0.8370743288336926,
      0.03876580461029326
    ],
    [
      0.9170557932418923,
      0.14918582631543736,
      0.6549818210837741,
      0.08478391666287675
    ],
    [
      0.9287462262696738,
      0.16053382804000618,
      0.6704144055581357,
      0.07078855749240344
    ],
    [
      0.40699933711938047,
      0.04822141047213009,
      0.054049469836507685,
      0.007116456879851131
    ],
    [
      0.8698763228287614,
      0.06254402440790514,
      0.1834502787263355,
      0.1511838292050523
    ]
  ],
  "axes": [
    "coherence",
    "fertility",
    "continuity",
    "evolution"
  ],
  "distances": [
    [
      0.0,
      0.19564470392859712,
      0.17424800030255794,
      0.970726112452501,
      0.679344841026872
    ],
    [
      0.19564470392859712,
      0.0,
      0.026447648466105998,
      0.7984380544435191,
      0.48629584420375327
    ],
    [
      0.17424800030255794,
      0.026447648466105998,
      0.0,
      0.8177981204805321,
      0.5066212862502012
    ],
    [
      0.970726112452501,
      0.7984380544435191,
      0.8177981204805321,
      0.0,
      0.5019563908143669
    ],
    [
      0.679344841026872,
      0.48629584420375327,
      0.5066212862502012,
      0.5019563908143669,
      0.0
    ]
  ],
  "ratios": [
    1.1566191301902973,
    1.339993607520881,
    1.5014008687569764,
    1.2661180916646235
  ],
  "mean_ratio": 1.3160329245331945,
  "gate": "CLOSED"
}