{
  "vectors": {
    "evolving": {
      "coherence": 0.8472336879638616,
      "fertility": 0.13731264867203993,
      "continuity": 0.5941044206151658,
      "evolution": 6.436618156065449
    },
    "static": {
      "coherence": 0.9449263015134891,
      "fertility": 0.17403364636602492,
      "continuity": 0.8370743288336926,
      "evolution": 0.15459932145038502
    },
    "random": {
      "coherence": 0.9992776047749578,
      "fertility": 0.04822141047213009,
      "continuity": 0.054049469836507685,
      "evolution": 42.55069509526005
    },
    "replay": {
      "coherence": 0.646151452362917,
      "fertility": 0.15817070834818447,
      "continuity": 0.5672830707516489,
      "evolution": 6.913155376707854
    }
  },
  "ratios": {
    "coherence": 0.9812171237302266,
    "fertility": 1.082833896198719,
    "continuity": 1.2220960162435142,
    "evolution": 0.3891668227628249
  },
  "distance": 10.103460497368973,
  "mean_ratio": 0.9188284647338212
}