{
  "vectors": {
    "evolving": {
      "coherence": 0.9376426337218138,
      "fertility": 0.14598806311403947,
      "continuity": 0.5979716793194308,
      "evolution": 5.070348523451376
    },
    "static": {
      "coherence": 0.9658829168363023,
      "fertility": 0.17403364636602492,
      "continuity": 0.8370743288336926,
      "evolution": 0.15459932145038502
    },
    "random": {
      "coherence": 0.40699933711938047,
      "fertility": 0.04822141047213009,
      "continuity": 0.054049469836507685,
      "evolution": 42.55069509526005
    },
    "replay": {
      "coherence": 0.9513189348918522,
      "fertility": 0.17489457070812903,
      "continuity": 0.5715827328908252,
      "evolution": 6.91359980916676
    }
  },
  "ratios": {
    "coherence": 1.2102772678865745,
    "fertility": 1.10276864406229,
    "continuity": 1.2264353528596985,
    "evolution": 0.3065575281043758
  },
  "mean_ratio": 0.9615096982282347
}