{
  "results": {
    "evolving": [
      0.7792334086792015,
      0.6965668200332383,
      0.9522964105270407,
      0.334877596543119
    ],
    "static": [
      0.8824094129286391,
      0.9038206717681455,
      0.9999979195028554,
      0.00023238886112041405
    ],
    "random": [
      0.7809476178630474,
      0.6636267153481732,
      0.9989333518052229,
      0.040127332453934295
    ],
    "replay": [
      0.7884868610391733,
      0.7007225525449053,
      0.9163757383477036,
      0.35942601541710567
    ]
  },
  "ratio": [
    0.9534457741061996,
    0.9213156368576005,
    0.9799616962192916,
    2.5129278559394503
  ],
  "distance": 0.21451048297856695
}