{
  "names": [
    "static",
    "evolving",
    "replay",
    "random",
    "burst"
  ],
  "vectors": [
    [
      0.9658829168363023,
      0.17403364636602492,
      0.8370743288336926,
      0.03876580461029326
    ],
    [
      0.9170557932418923,
      0.14918582631543736,
      0.654981821083774,
      0.08478391666287664
    ],
    [
      0.9276482355036076,
      0.16028419664722518,
      0.6717859530615917,
      0.06200715897839668
    ],
    [
      0.41820314211445264,
      0.048650854960844286,
      0.06276804939919156,
      0.00845443429085749
    ],
    [
      0.8523506893732854,
      0.06542590246729967,
      0.15955396134443814,
      0.14931156508712032
    ]
  ],
  "distances": [
    [
      0.0,
      0.19564470392859717,
      0.1717886665133224,
      0.9571535788797285,
      0.7042296658261847
    ],
    [
      0.19564470392859717,
      0.0,
      0.03219523566049351,
      0.7845410054638337,
      0.5107005550484108
    ],
    [
      0.1717886665133224,
      0.03219523566049351,
      0.0,
      0.8035962963187157,
      0.5335461452325304
    ],
    [
      0.9571535788797285,
      0.7845410054638337,
      0.8035962963187157,
      0.0,
      0.46687657796995213
    ],
    [
      0.7042296658261847,
      0.5107005550484108,
      0.5335461452325304,
      0.46687657796995213,
      0.0
    ]
  ],
  "ratios": [
    1.1593314166159974,
    1.3308439741258344,
    1.513374550409968,
    1.3117388972650668
  ]
}