{
  "vectors": {
    "evolving": {
      "coherence": 0.9376426337218138,
      "fertility": 0.14598806311403947,
      "continuity": 0.5979716793194308,
      "evolution": 0.05403797960160541
    },
    "static": {
      "coherence": 0.9658829168363023,
      "fertility": 0.17403364636602492,
      "continuity": 0.8370743288336926,
      "evolution": 0.07922696817009145
    },
    "random": {
      "coherence": 0.40699933711938047,
      "fertility": 0.04822141047213009,
      "continuity": 0.054049469836507685,
      "evolution": 0.035404688250539974
    },
    "replay": {
      "coherence": 0.9513189348918522,
      "fertility": 0.17489457070812903,
      "continuity": 0.5715827328908252,
      "evolution": 0.09283588335816732
    }
  },
  "ratios": {
    "coherence": 1.2102772678865745,
    "fertility": 1.10276864406229,
    "continuity": 1.2264353528596985,
    "evolution": 0.7813941185008415
  },
  "mean_ratio": 1.0802188458273512
}