{
  "results": {
    "chirp": {
      "distances": {
        "replay": 14.247790104102078,
        "stitched": 16.589358183398172,
        "reverse": 0.015030576302743308,
        "adversarial": 1.4015243283001546
      },
      "max_corr": 0.915230050061219,
      "gate": false,
      "failure_modes": [
        "reverse",
        "correlation"
      ],
      "metric_vectors": {
        "evolving": [
          1.0055118268732,
          0.0,
          0.059269685459063456,
          0.0032499999999991876
        ],
        "replay": [
          1.0,
          0.0036557628473709225,
          14.307057883744847,
          0.0
        ],
        "stitched": [
          0.9943378374816407,
          0.00069215927013065,
          -16.530084040272886,
          -0.001499999999999625
        ],
        "reverse": [
          0.9945183868295812,
          0.0,
          0.05926968545906538,
          -0.00699999999999825
        ],
        "adversarial": [
          1.0218568023826926,
          0.09299573722011029,
          -1.339066049424259,
          -0.0002499999999999375
        ]
      }
    },
    "random_walk_trend": {
      "distances": {
        "replay": 22.84921583505199,
        "stitched": 23.06584823776448,
        "reverse": 23.06550697359084,
        "adversarial": 22.799892048323862
      },
      "max_corr": 0.7301875125380826,
      "gate": true,
      "failure_modes": [],
      "metric_vectors": {
        "evolving": [
          23.10878053429648,
          0.0003163365137905718,
          4.607525841975377,
          -0.000499999999999875
        ],
        "replay": [
          1.0,
          0.017334710339689478,
          -1.1620666642642088,
          0.0
        ],
        "stitched": [
          0.043273594576566606,
          0.0009132219762655657,
          4.732997691579678,
          0.000499999999999875
        ],
        "reverse": [
          0.043273594576566606,
          0.00031602485199230595,
          4.607525841975204,
          0.0007499999999998124
        ],
        "adversarial": [
          0.9645432926362622,
          0.08548655842146602,
          -0.8202343195544732,
          -0.0002499999999999375
        ]
      }
    },
    "regime_switching": {
      "distances": {
        "replay": 1.3607180975731836,
        "stitched": 0.5315038062705616,
        "reverse": 0.7745780218373561,
        "adversarial": 1.1369089380510193
      },
      "max_corr": 0.973420239414743,
      "gate": false,
      "failure_modes": [
        "correlation"
      ],
      "metric_vectors": {
        "evolving": [
          0.6851142496332371,
          0.0293979282298759,
          -0.060246681991295646,
          0.0059999999999985
        ],
        "replay": [
          1.0,
          0.44836841764356417,
          -1.3159649761479106,
          0.0
        ],
        "stitched": [
          0.6851142496332371,
          0.029504190249898476,
          -0.5917499484802964,
          0.006749999999998313
        ],
        "reverse": [
          1.459610569383619,
          0.0293876041831967,
          -0.06024668199129933,
          -0.005249999999998687
        ],
        "adversarial": [
          0.9414679745830125,
          0.08567541031996573,
          -1.1664313336811802,
          0.0002499999999999375
        ]
      }
    },
    "chaotic_logistic": {
      "distances": {
        "replay": 0.06244401240639532,
        "stitched": 0.05330152378141145,
        "reverse": 0.02320012188389625,
        "adversarial": 3.8878874439203845
      },
      "max_corr": 0.9915171327437339,
      "gate": false,
      "failure_modes": [
        "replay",
        "stitched",
        "reverse",
        "correlation"
      ],
      "metric_vectors": {
        "evolving": [
          0.9885407905729643,
          3.969392020861135,
          -1.1162379383891294,
          0.001499999999999625
        ],
        "replay": [
          1.0,
          4.0250700336552,
          -1.142038134047716,
          0.0
        ],
        "stitched": [
          1.0409969529953464,
          3.9602397558980993,
          -1.1149575058905485,
          -0.000499999999999875
        ],
        "reverse": [
          1.0115920450995186,
          3.968594951115345,
          -1.1162379383891294,
          -0.00099999999999975
        ],
        "adversarial": [
          0.9888561782106327,
          0.08513028195514354,
          -0.948375321063467,
          0.0002499999999999375
        ]
      }
    },
    "coupled_oscillator": {
      "distances": {
        "replay": 16.160144068232803,
        "stitched": 25.75738400871389,
        "reverse": 0.0637264516152549,
        "adversarial": 0.08747752301068201
      },
      "max_corr": 0.6979393493243629,
      "gate": false,
      "failure_modes": [
        "reverse",
        "adversarial"
      ],
      "metric_vectors": {
        "evolving": [
          1.0323697176033306,
          0.0,
          -1.210612631638609,
          0.0007499999999998124
        ],
        "replay": [
          1.0,
          0.0030844568895521717,
          -17.37072396884937,
          0.0
        ],
        "stitched": [
          1.0084927311083436,
          0.0003870443747945281,
          24.546760302378996,
          0.0002499999999999375
        ],
        "reverse": [
          0.9686452275271329,
          0.0,
          -1.210612631638609,
          0.0002499999999999375
        ],
        "adversarial": [
          0.9950821380182759,
          0.0751060492662103,
          -1.2355131297138324,
          -0.0002499999999999375
        ]
      }
    }
  },
  "failure_topology": {
    "('correlation', 'reverse')": 1,
    "()": 1,
    "('correlation',)": 1,
    "('correlation', 'replay', 'reverse', 'stitched')": 1,
    "('adversarial', 'reverse')": 1
  },
  "contradictions": []
}