{
  "timestamp": "2026-05-15T21:29:05.791772Z",
  "phase": "T011_LATENT_SYMMETRY",
  "operators": {
    "base": {
      "mean": [
        0.18396369137670196,
        -0.0334168994561865,
        -0.12464788732394368,
        5.176832971800435
      ],
      "std": [
        0.4688978385617833,
        0.5127518822141404,
        0.47303202719292475,
        10.110780544501504
      ],
      "n": 50
    },
    "reverse": {
      "mean": [
        0.18396369137670196,
        -0.033416899456186554,
        -0.10795774647887328,
        5.176832971800435
      ],
      "std": [
        0.4688978385617833,
        0.5127518822141404,
        0.4464308911436884,
        10.110780544501504
      ],
      "n": 50
    },
    "swap": {
      "mean": [
        0.18386535552193642,
        -0.03341689945618652,
        -0.12084507042253524,
        5.179002169197398
      ],
      "std": [
        0.46898142938185833,
        0.5127518822141404,
        0.4686173617142876,
        10.103226357313233
      ],
      "n": 50
    },
    "replay": {
      "mean": [
        0.18831316187594557,
        1.0321254592885145,
        -0.19447183098591553,
        5.44937093275488
      ],
      "std": [
        0.47173459708713694,
        2.220446049250313e-16,
        0.42966666846854495,
        10.272270122936499
      ],
      "n": 50
    },
    "stitch": {
      "mean": [
        0.18387291981845685,
        -0.371035434309228,
        -0.12242957746478876,
        5.177353579175706
      ],
      "std": [
        0.46897903714170824,
        0.36511561663547437,
        0.46538470247245756,
        10.101850273720563
      ],
      "n": 50
    }
  },
  "displacements": {
    "replay_to_base": [
      0.004349470499243613,
      1.065542358744701,
      -0.06982394366197185,
      0.2725379609544447
    ],
    "reverse_to_base": [
      0.0,
      -5.551115123125783e-17,
      0.016690140845070395,
      0.0
    ],
    "swap_to_base": [
      0.18386535552193642,
      -0.03341689945618652,
      -0.12084507042253524,
      5.179002169197398
    ],
    "stitch_to_base": [
      0.18387291981845685,
      -0.371035434309228,
      -0.12242957746478876,
      5.177353579175706
    ]
  },
  "symmetry_groups": {
    "temporal_inversion": "reverse - preserves m1 (ordinal structure)",
    "temporal_rotation": "swap - disrupts half-window correlations",
    "duplication": "replay - quasi-invariant metrics",
    "permutation": "stitch - breaks temporal continuity"
  }
}