domain_A,domain_B,cosine_sim,euclidean_dist
branching,coupled_map_lattice,0.8012524892433325,1.3782146349141957
branching,gray_scott,0.8545504955581102,1.3014562515588097
branching,kuramoto,0.8547546854350014,0.919894159147204
branching,population,0.8371743516979454,1.0650126773579538
cellular_automata,lotka_volterra,0.8316355870757881,0.9764155658968825
graph_diffusion,nonlinear_oscillator,0.8819360961378518,1.0396137543308377
