property,mean,std
cg_rate,0.25668620065184383,0.3139457147761852
mean_coherence,0.9548205011267987,0.0396893221768809
mean_continuity,0.9607511989841664,0.0226991825698925
mean_fertility,-2.506188755894786,8.804663847595515
mean_reconstruction,0.32149884767875914,0.3957136413530284
mean_recursive_closure,-0.24408487073041754,2.0853378477366284
mean_reversibility,-0.24408487073041754,2.0853378477366284
