operator_continuity,operator_rupture,operator_curvature,transition_smoothness,recursive_closure,operator_reversibility,compositional_stability,operator_neighborhood_entropy,class_id,n_members
0.43703809523809517,0.5629619047619049,0.04850018253968254,0.9992317460317462,0.6565484126984127,0.6565484126984127,0.09352449206349205,0.8827539682539681,0,126
0.9974944974733295,0.00250550252667041,0.0015748944413250983,0.9997183043234138,0.03460976979225155,0.03460976979225155,0.023913931499157774,0.015772375070185286,1,1781
0.998271540880503,0.0017284591194968557,0.0003244685534591195,0.9991750000000001,0.5014970125786163,0.5014970125786163,0.2365995518867924,0.009952830188679245,2,636
