test,var_ratio,cum_var
pca,0.35311915508518155,0.35311915508518155
pca,0.27835987493219977,0.6314790300173814
pca,0.14456951626933465,0.776048546286716
pca,0.10691859224844451,0.8829671385351605
pca,0.05974734312701376,0.9427144816621743
pca,0.03345969896042519,0.9761741806225995
pca,0.01735833568724707,0.9935325163098466
pca,0.005168931945818152,0.9987014482556648
pca,0.0012985517443353325,1.0
pca,2.160059986566251e-34,1.0
