{
  "perturbations": {
    "GS": {
      "baseline_descriptor": "peaked",
      "baseline_metrics": {
        "temporal_spread": 0.11019756462463215,
        "peak_timing": 0.4,
        "recovery_slope": 0.021739868761490498,
        "persistence": 0.0,
        "volatility": 0.2768263639299394,
        "mean_c": 0.15755561100018725,
        "std_c": 0.04361554693762444
      },
      "perturbations": {
        "transform_rank": {
          "descriptor": "peaked",
          "metrics": {
            "temporal_spread": 4.0,
            "peak_timing": 0.4,
            "recovery_slope": 0.4,
            "persistence": 0.0,
            "volatility": 0.47140452077531825,
            "mean_c": 3.0,
            "std_c": 1.4142135623730951
          },
          "descriptor_stable": true
        },
        "transform_raw": {
          "descriptor": "peaked",
          "metrics": {
            "temporal_spread": 0.11019756462463215,
            "peak_timing": 0.4,
            "recovery_slope": 0.021739868761490498,
            "persistence": 0.0,
            "volatility": 0.2768263639299394,
            "mean_c": 0.15755561100018725,
            "std_c": 0.04361554693762444
          },
          "descriptor_stable": true
        },
        "transform_zscore": {
          "descriptor": "peaked",
          "metrics": {
            "temporal_spread": 2.5265661527121996,
            "peak_timing": 0.4,
            "recovery_slope": 0.49844310774277734,
            "persistence": 0.0,
            "volatility": 10000014432.920149,
            "mean_c": -1.4432899320127036e-16,
            "std_c": 0.9999999999999998
          },
          "descriptor_stable": true
        },
        "transform_minmax": {
          "descriptor": "peaked",
          "metrics": {
            "temporal_spread": 1.0,
            "peak_timing": 0.4,
            "recovery_slope": 0.19728084586572658,
            "persistence": 0.0,
            "volatility": 0.5000537003679097,
            "mean_c": 0.7915032104725808,
            "std_c": 0.3957941092998999
          },
          "descriptor_stable": true
        },
        "subsample_1": {
          "descriptor": "peaked",
          "metrics": {
            "temporal_spread": 0.11019756462463215,
            "peak_timing": 0.4,
            "recovery_slope": 0.021739868761490498,
            "persistence": 0.0,
            "volatility": 0.2768263639299394,
            "mean_c": 0.15755561100018725,
            "std_c": 0.04361554693762444
          },
          "descriptor_stable": true
        },
        "subsample_2": {
          "descriptor": "peaked",
          "metrics": {
            "temporal_spread": 0.11019756462463215,
            "peak_timing": 0.3333333333333333,
            "recovery_slope": 0.036233114602484164,
            "persistence": 0.0,
            "volatility": 0.36007183482224103,
            "mean_c": 0.1432995209575594,
            "std_c": 0.05159812147634379
          },
          "descriptor_stable": true
        },
        "window_3": {
          "descriptor": "monotonic_increase",
          "metrics": {
            "temporal_spread": 0.03644938547259813,
            "peak_timing": 0.6666666666666666,
            "recovery_slope": 0.012149795157532709,
            "persistence": 0.0,
            "volatility": 0.10243904412517321,
            "mean_c": 0.16741338288950233,
            "std_c": 0.017149666927206153
          },
          "descriptor_stable": false
        },
        "noise_0.01": {
          "descriptor": "peaked",
          "metrics": {
            "temporal_spread": 0.11528874392213657,
            "peak_timing": 0.6,
            "recovery_slope": 0.017228364224673963,
            "persistence": 0.0,
            "volatility": 0.2739368805362026,
            "mean_c": 0.15556503839430277,
            "std_c": 0.04261500136562358
          },
          "descriptor_stable": true
        },
        "noise_0.05": {
          "descriptor": "peaked",
          "metrics": {
            "temporal_spread": 0.14481091900056875,
            "peak_timing": 0.6,
            "recovery_slope": 0.0,
            "persistence": 0.0,
            "volatility": 0.42650929536500554,
            "mean_c": 0.14760274797076495,
            "std_c": 0.06295394407360039
          },
          "descriptor_stable": true
        },
        "noise_0.1": {
          "descriptor": "peaked",
          "metrics": {
            "temporal_spread": 0.28939091425282126,
            "peak_timing": 0.6,
            "recovery_slope": 0.0,
            "persistence": 0.0,
            "volatility": 0.8042231156218302,
            "mean_c": 0.13764988494134264,
            "std_c": 0.11070121941293536
          },
          "descriptor_stable": true
        }
      }
    },
    "RB": {
      "baseline_descriptor": "high_to_low_to_gradual",
      "baseline_metrics": {
        "temporal_spread": 0.007522041342971297,
        "peak_timing": 0.8,
        "recovery_slope": 0.0018805103357428243,
        "persistence": 0.0,
        "volatility": 0.39206746687988675,
        "mean_c": 0.007305948732665768,
        "std_c": 0.0028644248519773333
      },
      "perturbations": {
        "transform_rank": {
          "descriptor": "unclassified",
          "metrics": {
            "temporal_spread": 4.0,
            "peak_timing": 0.8,
            "recovery_slope": 1.0,
            "persistence": 0.0,
            "volatility": 0.47140452077531825,
            "mean_c": 3.0,
            "std_c": 1.4142135623730951
          },
          "descriptor_stable": false
        },
        "transform_raw": {
          "descriptor": "high_to_low_to_gradual",
          "metrics": {
            "temporal_spread": 0.007522041342971297,
            "peak_timing": 0.8,
            "recovery_slope": 0.0018805103357428243,
            "persistence": 0.0,
            "volatility": 0.39206746687988675,
            "mean_c": 0.007305948732665768,
            "std_c": 0.0028644248519773333
          },
          "descriptor_stable": true
        },
        "transform_zscore": {
          "descriptor": "high_to_low_to_gradual",
          "metrics": {
            "temporal_spread": 2.626021533704673,
            "peak_timing": 0.8,
            "recovery_slope": 0.6565053834261683,
            "persistence": 0.0,
            "volatility": 10000000000.0,
            "mean_c": 0.0,
            "std_c": 1.0
          },
          "descriptor_stable": true
        },
        "transform_minmax": {
          "descriptor": "high_to_low_to_gradual",
          "metrics": {
            "temporal_spread": 1.0,
            "peak_timing": 0.8,
            "recovery_slope": 0.25,
            "persistence": 0.0,
            "volatility": 0.6226884051810462,
            "mean_c": 0.6115485459535109,
            "std_c": 0.3808041888328483
          },
          "descriptor_stable": true
        },
        "subsample_1": {
          "descriptor": "high_to_low_to_gradual",
          "metrics": {
            "temporal_spread": 0.007522041342971297,
            "peak_timing": 0.8,
            "recovery_slope": 0.0018805103357428243,
            "persistence": 0.0,
            "volatility": 0.39206746687988675,
            "mean_c": 0.007305948732665768,
            "std_c": 0.0028644248519773333
          },
          "descriptor_stable": true
        },
        "subsample_2": {
          "descriptor": "peaked",
          "metrics": {
            "temporal_spread": 0.004991726698426069,
            "peak_timing": 0.6666666666666666,
            "recovery_slope": 0.0024958633492130344,
            "persistence": 0.0,
            "volatility": 0.2609381501643281,
            "mean_c": 0.008182551105099764,
            "std_c": 0.0021351397750836256
          },
          "descriptor_stable": false
        },
        "window_3": {
          "descriptor": "monotonic_increase",
          "metrics": {
            "temporal_spread": 0.0025715632166625193,