phase,silhouette,explained_ratio,anova_F,anova_p,margin_corr,distance_corr,identity_dominance,mean_cluster_variance,verdict
523,0.5143900482406407,0.9299307352545388,66.35796471839222,1.2854016008148726e-13,0.1304768915787899,-0.25926682245132926,0.7350588782394792,0.009954100551454001,CLUSTER-IDENTITY-LAW
