{
  "variance_decomposition": {
    "domain": "MHD",
    "within_variance": 6.499917791553642e-06,
    "between_variance": 6.49905738233604e-07,
    "ratio": 10.001323898477862,
    "mean_delta": 0.9963933713190521,
    "std_delta": 0.0026739153931617378,
    "min_delta": 0.9920222439772014,
    "max_delta": 0.9991521640328139,
    "spread": 0.007129920055612526,
    "temporal_spread": 0.004104307395697171,
    "between_spread": 0.004104307395697171,
    "n_regimes": 2,
    "n_timesteps": 2
  },
  "transform_sensitivity": {
    "\u0394C_rank": {
      "mean": 0.0013897494183150727,
      "std": 0.0006859113161686584,
      "min": 0.0005689254575640401,
      "max": 0.0024649860124211775
    },
    "\u0394C_zscore": {
      "mean": 0.00019093973830155986,
      "std": 0.0002682902354944204,
      "min": 1.4867044606514668e-05,
      "max": 0.0006548803414245796
    },
    "\u0394C_dimension": {
      "mean": 0.0033658886459251025,
      "std": 0.002498846394999726,
      "min": 0.0009071966607926418,
      "max": 0.007464833357282319
    }
  },
  "cross_domain_comparison": {
    "GS": {
      "domain": "GS",
      "within_variance": 0.004086725326076999,
      "between_variance": 0.003936277554270239,
      "ratio": 1.03822082404823,
      "mean_delta": 0.16100042156704542,
      "spread": 0.19784622978591626
    },
    "RB": {
      "domain": "RB",
      "within_variance": 1.4946590191061786e-05,
      "between_variance": 1.4274116910938371e-05,
      "ratio": 1.047111375388,
      "mean_delta": 0.007472451057979188,
      "spread": 0.012494335689577474
    },
    "AM": {
      "domain": "AM",
      "within_variance": 3.0211239055925638e-05,
      "between_variance": 2.4328896056701096e-05,
      "ratio": 1.2417842135341906,
      "mean_delta": 0.01832673291301625,
      "spread": 0.01557337718451357
    },
    "MHD": {
      "domain": "MHD",
      "within_variance": 6.499917791553642e-06,
      "between_variance": 6.49905738233604e-07,
      "ratio": 10.001323898477862,
      "mean_delta": 0.9963933713190521,
      "std_delta": 0.0026739153931617378,
      "min_delta": 0.9920222439772014,
      "max_delta": 0.9991521640328139,
      "spread": 0.007129920055612526,
      "temporal_spread": 0.004104307395697171,
      "between_spread": 0.004104307395697171,
      "n_regimes": 2,
      "n_timesteps": 2
    }
  }
}