{
  "tau_geom": [
    0.0003486533095901227,
    0.9970212890203802,
    -0.07712245784699845,
    -0.0007444304179787808
  ],
  "tau_info": [
    0.011864425975780073,
    0.015296591037535553,
    0.9992308281698568,
    0.034102811231301176
  ],
  "alignment": 0.06183336110972616,
  "cross_correlation": 0.24178141900409408,
  "geom_pc1": 0.9808790600411474,
  "info_pc1": 0.9878194635381953,
  "checks": {
    "H1_tau_equivalence": false,
    "H2_cross_correlation": false,
    "H3_dual_lowrank": true
  }
}