{
  "variance_decomposition": {
    "domain": "MHD",
    "within_variance": 1.9634448543432333e-07,
    "between_variance": 1.801630384316577e-07,
    "ratio": 1.0898155756226537,
    "mean_delta": 0.0013897494183150727,
    "std_delta": 0.0006859113161686584,
    "min_delta": 0.0005689254575640401,
    "max_delta": 0.0024649860124211775,
    "spread": 0.0018960605548571374,
    "temporal_spread": 0.0008489123357135475,
    "between_spread": 0.00104714821914359,
    "n_trajectories": 2,
    "n_frames": 2
  },
  "temporal_signature": {
    "signature": "high_to_low_to_gradual",
    "pattern_description": "high \u2192 low \u2192 gradual",
    "frame_averages": {
      "0": 0.0018142055861718465,
      "99": 0.000965293250458299
    },
    "first": 0.0018142055861718465,
    "middle": 0.000965293250458299,
    "last": 0.000965293250458299
  },
  "cross_domain_comparison": {
    "GS": {
      "domain": "GS",
      "within_variance": 0.004086725326076999,
      "between_variance": 0.003936277554270239,
      "ratio": 1.03822082404823,
      "mean_delta": 0.16100042156704542,
      "spread": 0.19784622978591626
    },
    "RB": {
      "domain": "RB",
      "within_variance": 1.4946590191061786e-05,
      "between_variance": 1.4274116910938371e-05,
      "ratio": 1.047111375388,
      "mean_delta": 0.007472451057979188,
      "spread": 0.012494335689577474
    },
    "AM": {
      "domain": "AM",
      "within_variance": 3.0211239055925638e-05,
      "between_variance": 2.4328896056701096e-05,
      "ratio": 1.2417842135341906,
      "mean_delta": 0.01832673291301625,
      "spread": 0.01557337718451357
    },
    "MHD": {
      "domain": "MHD",
      "within_variance": 1.9634448543432333e-07,
      "between_variance": 1.801630384316577e-07,
      "ratio": 1.0898155756226537,
      "mean_delta": 0.0013897494183150727,
      "std_delta": 0.0006859113161686584,
      "min_delta": 0.0005689254575640401,
      "max_delta": 0.0024649860124211775,
      "spread": 0.0018960605548571374,
      "temporal_spread": 0.0008489123357135475,
      "between_spread": 0.00104714821914359,
      "n_trajectories": 2,
      "n_frames": 2
    }
  }
}