{
  "description": "C over time for maze",
  "results": {
    "50": {
      "C_total": 0.41389116136851595
    },
    "100": {
      "C_total": 0.5042819573237518
    },
    "200": {
      "C_total": 0.5444708168385803
    }
  }
}