{
  "description": "C over time",
  "results": {
    "bubbles": {
      "50": {
        "C_total": 0.43779364122740233
      },
      "100": {
        "C_total": 0.5004175570176257
      },
      "200": {
        "C_total": 0.526484984569103
      }
    }
  }
}