{
  "description": "C over time for spirals",
  "results": {
    "50": {
      "C_total": 9.583180992524936e-06
    },
    "100": {
      "C_total": 0.025799355442851127
    },
    "200": {
      "C_total": 0.05163479137199008
    }
  }
}