{
  "log": {
    "stable": [
      0.13350664431441409,
      0.09304420564907231,
      0.06650714548585757,
      0.05617810862995282
    ],
    "random": [
      0.09560620613288864,
      0.07665424705800314,
      0.061729010342591324,
      0.054265284587074025
    ],
    "ratio_sep": 1.180723228799785,
    "diff_sep": -0.027947530265635297
  },
  "sqrt": {
    "stable": [
      0.07423558367996164,
      0.042941022246423106,
      0.023241608864828765,
      0.015618361175533889
    ],
    "random": [
      0.05316126813124794,
      0.03537685883004091,
      0.021571840191225097,
      0.015086567252678372
    ],
    "ratio_sep": 1.1807229483699684,
    "diff_sep": -0.026766583466548977
  },
  "power_0.3": {
    "stable": [
      0.16233274346542523,
      0.10786297113594123,
      0.070121983117694,
      0.05412893253677933
    ],
    "random": [
      0.11624902875487188,
      0.08886265168460965,
      0.06508414380881218,
      0.052285881460536594
    ],
    "ratio_sep": 1.1807232411664361,
    "diff_sep": -0.03188106611354538
  },
  "power_0.4": {
    "stable": [
      0.10977643627630347,
      0.0680569338356772,
      0.040370133817558364,
      0.02907585284055357
    ],
    "random": [
      0.07861263122192828,
      0.05606854273038966,
      0.03746978448331947,
      0.028085841041705594
    ],
    "ratio_sep": 1.1807231336648143,
    "diff_sep": -0.02913872266327209
  },
  "power_0.5": {
    "stable": [
      0.07423558367996164,
      0.042941022246423106,
      0.023241608864828765,
      0.015618361175533889
    ],
    "random": [
      0.05316126813124794,
      0.03537685883004091,
      0.021571840191225097,
      0.015086567252678372
    ],
    "ratio_sep": 1.1807229483699684,
    "diff_sep": -0.026766583466548977
  }
}