{
  "best_formula": "product",
  "scales": [
    50,
    100,
    250,
    500
  ],
  "v2_010_separation": [
    1.4,
    1.23,
    1.08,
    1.0
  ],
  "v2_013_separation": [
    3.0533914283419525,
    2.972233782855087,
    2.6634821073183437,
    2.461521694893496
  ],
  "avg_separation": 2.7876572533522195
}