{
  "scales": [
    50,
    100,
    250,
    500
  ],
  "stable_raw": [
    0.5249248462544227,
    0.42941022246423105,
    0.3674821024980968,
    0.349237172856373
  ],
  "random_raw": [
    0.3759069319208172,
    0.3537685883004091,
    0.3410807416271675,
    0.33734589924111086
  ],
  "stable_normalized": [
    0.13350664431441409,
    0.09304420564907231,
    0.06650714548585757,
    0.05617810862995282
  ],
  "random_normalized": [
    0.09560620613288864,
    0.07665424705800314,
    0.061729010342591324,
    0.054265284587074025
  ],
  "raw_separation": 1.18674222849745,
  "normalized_separation": 1.2115535230354453,
  "stable_stability": 0.9709959571281057
}