{
  "depths": {
    "0.0": {
      "mean": -0.013894324853228956,
      "var": 0.0003967126351384988,
      "std": 0.019917646325268927,
      "localization": 0.012720156555772993,
      "transfers": [
        -0.06849315068493145,
        0.00195694716242667,
        0.003913894324853229,
        -0.06653620352250489,
        -0.021526418786692703,
        0.007827788649706457,
        -0.021526418786692814,
        -0.007827788649706457,
        -0.015655577299412915,
        -0.011741682974559686,
        -0.023483365949119372,
        -0.003913894324853229,
        0.0,
        0.0,
        0.0,
        0.0,
        -0.015655577299412915,
        -0.011741682974559686,
        -0.011741682974559686,
        -0.011741682974559686
      ]
    },
    "0.25": {
      "mean": -0.015949119373776903,
      "var": 0.00040106885313705127,
      "std": 0.020026703501501472,
      "localization": 0.005870841487279843,
      "transfers": [
        -0.045009784735812075,
        -0.07827788649706457,
        -0.011741682974559686,
        0.011741682974559686,
        -0.003913894324853229,
        -0.013698630136986245,
        -0.02935420743639927,
        -0.0273972602739726,
        -0.015655577299412915,
        -0.015655577299412915,
        -0.03131115459882583,
        -0.03522504892367906,
        0.0,
        0.0,
        0.0,
        0.0,
        -0.007827788649706457,
        -0.007827788649706457,
        -0.003913894324853229,
        -0.003913894324853229
      ]
    },
    "0.5": {
      "mean": -0.014677103718199608,
      "var": 0.00041340987511536803,
      "std": 0.020332483250094367,
      "localization": 0.0,
      "transfers": [
        -0.025440313111546042,
        -0.03522504892367906,
        0.015655577299412915,
        -0.041095890410958846,
        -0.06262230919765166,
        -0.021526418786692703,
        -0.05675146771037187,
        -0.023483365949119372,
        -0.015655577299412915,
        -0.007827788649706457,
        -0.003913894324853229,
        -0.015655577299412915,
        0.0,
        0.0,
        0.0,
        0.0,
        0.003913894324853229,
        0.0,
        -0.003913894324853229,
        0.0
      ]
    },
    "0.75": {
      "mean": -0.02279843444227006,
      "var": 0.0008679022368940066,
      "std": 0.02946018053057392,
      "localization": 0.0029354207436399216,
      "transfers": [
        -0.1095890410958904,
        -0.0821917808219178,
        -0.05870841487279843,
        -0.007827788649706457,
        -0.015655577299412915,
        -0.046966731898238745,
        -0.019569471624266144,
        -0.02935420743639927,
        -0.005870841487279899,
        -0.02544031311154593,
        -0.015655577299412915,
        -0.0273972602739726,
        0.0,
        0.0,
        0.0,
        0.0,
        -0.007827788649706457,
        0.003913894324853229,
        -0.003913894324853229,
        -0.003913894324853229
      ]
    },
    "1.0": {
      "mean": -0.02681017612524462,
      "var": 0.00022713607867616933,
      "std": 0.015071034426215386,
      "localization": 0.043052837573385516,
      "transfers": [
        -0.03131115459882583,
        -0.011741682974559686,
        -0.011741682974559686,
        -0.011741682974559686,
        -0.003913894324853229,
        -0.003913894324853229,
        -0.003913894324853229,
        -0.003913894324853229,
        -0.03131115459882583,
        -0.03131115459882583,
        -0.03131115459882583,
        -0.03131115459882583,
        -0.03913894324853229,
        -0.03913894324853229,
        -0.03913894324853229,
        -0.03913894324853229,
        -0.043052837573385516,
        -0.043052837573385516,
        -0.043052837573385516,
        -0.043052837573385516
      ]
    },
    "1.25": {
      "mean": -0.02583170254403131,
      "var": 0.00023651870205766666,
      "std": 0.01537916454355264,
      "localization": 0.043052837573385516,
      "transfers": [
        -0.011741682974559686,
        -0.011741682974559686,
        -0.011741682974559686,
        -0.011741682974559686,
        -0.003913894324853229,
        -0.003913894324853229,
        -0.003913894324853229,
        -0.003913894324853229,
        -0.03131115459882583,
        -0.03131115459882583,
        -0.03131115459882583,
        -0.03131115459882583,
        -0.03913894324853229,
        -0.03913894324853229,
        -0.03913894324853229,
        -0.03913894324853229,
        -0.043052837573385516,
        -0.043052837573385516,
        -0.043052837573385516,
        -0.043052837573385516
      ]
    },
    "1.5": {
      "mean": -0.02583170254403131,
      "var": 0.00023651870205766666,
      "std": 0.01537916454355264,
      "localization": 0.043052837573385516,
      "transfers": [
        -0.011741682974559686,
        -0.011741682974559686,
        -0.011741682974559686,
        -0.011741682974559686,
        -0.003913894324853229,
        -0.003913894324853229,
        -0.003913894324853229,
        -0.003913894324853229,
        -0.03131115459882583,
        -0.03131115459882583,
        -0.03131115459882583,
        -0.03131115459882583,
        -0.03913894324853229,
        -0.03913894324853229,
        -0.03913894324853229,
        -0.03913894324853229,
        -0.043052837573385516,
        -0.043052837573385516,
        -0.043052837573385516,
        -0.043052837573385516
      ]
    },
    "1.75": {
      "mean": -0.02583170254403131,
      "var": 0.00023651870205766666,
      "std": 0.01537916454355264,
      "localization": 0.043052837573385516,
      "transfers": [
        -0.011741682974559686,
        -0.011741682974559686,
        -0.011741682974559686,
        -0.011741682974559686,
        -0.003913894324853229,
        -0.003913894324853229,
        -0.003913894324853229,
        -0.003913894324853229,
        -0.03131115459882583,
        -0.03131115459882583,
        -0.03131115459882583,
        -0.03131115459882583,
        -0.03913894324853229,
        -0.03913894324853229,
        -0.03913894324853229,
        -0.03913894324853229,
        -0.043052837573385516,
        -0.043052837573385516,
        -0.043052837573385516,
        -0.043052837573385516
      ]
    },
    "2.0": {
      "mean": -0.03679060665362035,
      "var": 0.0001752444269131935,
      "std": 0.013237991800616645,
      "localization": 0.043052837573385516,
      "transfers": [
        -0.050880626223091974,
        -0.050880626223091974,
        -0.050880626223091974,
        -0.050880626223091974,
        -0.015655577299412915,
        -0.015655577299412915,
        -0.015655577299412915,
        -0.015655577299412915,
        -0.0273972602739726,
        -0.0273972602739726,
        -0.0273972602739726,
        -0.0273972602739726,
        -0.046966731898238745,
        -0.046966731898238745,
        -0.046966731898238745,
        -0.046966731898238745,
        -0.043052837573385516,
        -0.043052837573385516,
        -0.043052837573385516,
        -0.043052837573385516
      ]
    }
  },
  "answers": {
    "Q1_localization_fail": {
      "threshold": 1.0,
      "pass": false
    },
    "Q2_class_destab": {
      "threshold": 2.0,
      "pass": false
    },
    "Q3_saturation_fail": {
      "threshold": 0.25,
      "pass": false
    },
    "Q4_variance_bounded": {
      "pass": true
    },
    "Q5_deformation": {
      "pass": true
    }
  },
  "classifications": {
    "0.0": "STABLE_DEFORMATION",
    "0.25": "STABLE_DEFORMATION",
    "0.5": "STABLE_RECURSION",
    "0.75": "STABLE_RECURSION",
    "1.0": "LOCALIZATION_FRACTURE",
    "1.25": "LOCALIZATION_FRACTURE",
    "1.5": "LOCALIZATION_FRACTURE",
    "1.75": "LOCALIZATION_FRACTURE",
    "2.0": "LOCALIZATION_FRACTURE"
  },
  "baseline": -0.011741682974559686
}