{
  "conditions": {
    "ordered": {
      "topologies": {
        "all-to-all": {
          "locs": [
            0.005218525766470972,
            0.005218525766470972,
            0.023483365949119372,
            0.02283105022831052
          ],
          "fractured": false,
          "max_loc": 0.023483365949119372
        },
        "erdos-renyi": {
          "locs": [
            0.005218525766470972,
            0.005218525766470972,
            0.023483365949119372,
            0.02283105022831052
          ],
          "fractured": false,
          "max_loc": 0.023483365949119372
        },
        "small-world": {
          "locs": [
            0.005218525766470972,
            0.005218525766470972,
            0.023483365949119372,
            0.02283105022831052
          ],
          "fractured": false,
          "max_loc": 0.023483365949119372
        },
        "scale-free": {
          "locs": [
            0.005218525766470972,
            0.005218525766470972,
            0.023483365949119372,
            0.02283105022831052
          ],
          "fractured": false,
          "max_loc": 0.023483365949119372
        },
        "modular": {
          "locs": [
            0.005218525766470972,
            0.005218525766470972,
            0.023483365949119372,
            0.02283105022831052
          ],
          "fractured": false,
          "max_loc": 0.023483365949119372
        }
      }
    },
    "randomized": {
      "topologies": {
        "all-to-all": {
          "locs": [
            0.005218525766470972,
            0.005218525766470972,
            0.019569471624266144,
            0.02283105022831052
          ],
          "fractured": false,
          "max_loc": 0.02283105022831052
        },
        "erdos-renyi": {
          "locs": [
            0.005218525766470972,
            0.005218525766470972,
            0.02217873450750163,
            0.019569471624266144
          ],
          "fractured": false,
          "max_loc": 0.02217873450750163
        },
        "small-world": {
          "locs": [
            0.005218525766470972,
            0.005218525766470972,
            0.023483365949119372,
            0.01369863013698632
          ],
          "fractured": false,
          "max_loc": 0.023483365949119372
        },
        "scale-free": {
          "locs": [
            0.005218525766470972,
            0.005218525766470972,
            0.005218525766470972,
            0.0182648401826484
          ],
          "fractured": false,
          "max_loc": 0.0182648401826484
        },
        "modular": {
          "locs": [
            0.005218525766470972,
            0.005218525766470972,
            0.023483365949119372,
            0.02283105022831052
          ],
          "fractured": false,
          "max_loc": 0.023483365949119372
        }
      }
    },
    "delayed": {
      "topologies": {
        "all-to-all": {
          "forward_max": 0.023483365949119372,
          "recovery_delta": 0.0,
          "fractured": false
        },
        "erdos-renyi": {
          "forward_max": 0.023483365949119372,
          "recovery_delta": 0.0,
          "fractured": false
        },
        "small-world": {
          "forward_max": 0.023483365949119372,
          "recovery_delta": 0.0,
          "fractured": false
        },
        "scale-free": {
          "forward_max": 0.023483365949119372,
          "recovery_delta": 0.0,
          "fractured": false
        },
        "modular": {
          "forward_max": 0.023483365949119372,
          "recovery_delta": 0.0,
          "fractured": false
        }
      }
    },
    "heterogeneous": {
      "topologies": {
        "all-to-all": {
          "locs": [
            0.014785823005001086,
            0.014785823005001086,
            0.027832137421178516,
            0.02783213742117853
          ],
          "fractured": false,
          "max_loc": 0.02783213742117853,
          "variance": 4.25515799614398e-05
        },
        "erdos-renyi": {
          "locs": [
            0.014785823005001086,
            0.014785823005001086,
            0.027832137421178516,
            0.02783213742117853
          ],
          "fractured": false,
          "max_loc": 0.02783213742117853,
          "variance": 4.25515799614398e-05
        },
        "small-world": {
          "locs": [
            0.014785823005001086,
            0.014785823005001086,
            0.027832137421178516,
            0.02783213742117853
          ],
          "fractured": false,
          "max_loc": 0.02783213742117853,
          "variance": 4.25515799614398e-05
        },
        "scale-free": {
          "locs": [
            0.014785823005001086,
            0.014785823005001086,
            0.027832137421178516,
            0.02783213742117853
          ],
          "fractured": false,
          "max_loc": 0.02783213742117853,
          "variance": 4.25515799614398e-05
        },
        "modular": {
          "locs": [
            0.014785823005001086,
            0.014785823005001086,
            0.027832137421178516,
            0.02783213742117853
          ],
          "fractured": false,
          "max_loc": 0.02783213742117853,
          "variance": 4.25515799614398e-05
        }
      }
    }
  },
  "answers": {
    "Q1_bounded": true,
    "Q2_recovery": true,
    "Q3_ordering": true,
    "Q4_hetero_convergence": true,
    "Q5_attractor_band": true,
    "fracture_depths": {
      "erdos-renyi": null,
      "all-to-all": null,
      "small-world": null
    },
    "all_locs_ordered": [
      0.023483365949119372,
      0.023483365949119372,
      0.023483365949119372,
      0.023483365949119372,
      0.023483365949119372
    ],
    "all_locs_random": [
      0.02283105022831052,
      0.02217873450750163,
      0.023483365949119372,
      0.0182648401826484,
      0.023483365949119372
    ],
    "all_locs_hetero": [
      0.02783213742117853,
      0.02783213742117853,
      0.02783213742117853,
      0.02783213742117853,
      0.02783213742117853
    ]
  }
}