Level,Depth,HetStd,Delay,Stoch,MaxLoc,Variance,Fractured
d0_h0_t0_s0,0,0.0,0,0.0,0.0235,0.000000,False
d1_h1_t1_s1,1,0.2,1,0.1,0.0312,0.000014,False
d2_h2_t2_s1,2,0.4,2,0.1,0.0328,0.000012,False
d3_h2_t2_s1,3,0.4,2,0.1,0.0385,0.000037,False
d3_h3_t3_s0,3,0.6,4,0.0,0.0258,0.000009,False
d3_h3_t3_s1,3,0.6,4,0.1,0.0320,0.000015,False
d3_h3_t3_s2,3,0.6,4,0.2,0.0333,0.000017,False