{
  "forward": {
    "0.0": {
      "mean_loc": 0.015264187866927592,
      "var_loc": 0.00035676946702869507
    },
    "0.25": {
      "mean_loc": 0.017123287671232872,
      "var_loc": 0.00036223628126424133
    },
    "0.5": {
      "mean_loc": 0.016634050880626222,
      "var_loc": 0.0003521355999708948
    },
    "0.75": {
      "mean_loc": 0.023189823874755384,
      "var_loc": 0.0008499029185703178
    },
    "1.0": {
      "mean_loc": 0.02681017612524462,
      "var_loc": 0.00022713607867616933
    },
    "2.0": {
      "mean_loc": 0.03679060665362035,
      "var_loc": 0.0001752444269131935
    }
  },
  "backward": {
    "1.0": {
      "mean_loc": 0.02583170254403131,
      "var_loc": 0.00023651870205766666
    },
    "0.75": {
      "mean_loc": 0.024266144814090018,
      "var_loc": 0.0007013606718724267
    },
    "0.5": {
      "mean_loc": 0.01780821917808219,
      "var_loc": 0.0005093041157164686
    },
    "0.25": {
      "mean_loc": 0.015264187866927592,
      "var_loc": 0.00022962534610391328
    },
    "0.0": {
      "mean_loc": 0.017514677103718197,
      "var_loc": 0.0003620830955763803
    }
  },
  "topology": {
    "all-to-all": {
      "fracture_depth": 1.0,
      "depth_locs": {
        "0.0": 0.016829745596868884,
        "0.5": 0.019080234833659487,
        "1.0": 0.0261252446183953,
        "1.5": 0.02583170254403131,
        "2.0": 0.03679060665362035
      }
    },
    "erdos-renyi": {
      "fracture_depth": 0.0,
      "depth_locs": {
        "0.0": 0.048923679060665345,
        "0.5": 0.048923679060665345,
        "1.0": 0.048923679060665345,
        "1.5": 0.048923679060665345,
        "2.0": 0.048923679060665345
      }
    },
    "small-world": {
      "fracture_depth": 2.0,
      "depth_locs": {
        "0.0": 0.003131115459882583,
        "0.5": 0.003131115459882583,
        "1.0": 0.018003913894324854,
        "1.5": 0.018003913894324854,
        "2.0": 0.06301369863013695
      }
    }
  },
  "answers": {
    "Q1_recovery": {
      "pass": true,
      "delta": 0.002250489236790604
    },
    "Q2_topology_dependence": {
      "pass": true,
      "fracture_depths": {
        "all-to-all": 1.0,
        "erdos-renyi": 0.0,
        "small-world": 2.0
      }
    },
    "Q3_monotonic_accumulation": {
      "pass": false,
      "deltas": [
        0.0018590998043052798,
        -0.0004892367906066501,
        0.006555772994129162,
        0.003620352250489234,
        0.00998043052837573
      ]
    },
    "Q4_class_restoration": {
      "pass": true
    }
  },
  "stop_conditions": {
    "rollback_diverges": false,
    "localization_exceeds": false,
    "variance_non_finite": false
  }
}