{
  "results": {
    "all-to-all": {
      "k": [
        0.0,
        0.2,
        0.4,
        0.6,
        0.8,
        1.0
      ],
      "transfer": [
        -0.03299120234604107,
        -0.030205278592375352,
        -0.016617790811339184,
        -0.005083088954056692,
        0.0,
        -0.005474095796676443
      ],
      "std": [
        0.022993220048980797,
        0.016694950530780392,
        0.009159496989343083,
        0.0031158118182813715,
        0.0,
        0.004526231438041138
      ],
      "amp_eff": 0.02751710654936463,
      "saturation_boundary": 0.6,
      "localization": 0.005474095796676443,
      "propagation_stability": 44.00424402150973
    },
    "erdos-renyi": {
      "k": [
        0.0,
        0.2,
        0.4,
        0.6,
        0.8,
        1.0
      ],
      "transfer": [
        -0.03910068426197455,
        -0.040078201368523914,
        -0.03714565004887582,
        -0.027370478983382185,
        -0.03128054740957964,
        -0.03910068426197455
      ],
      "std": [
        0.0,
        0.0,
        0.0,
        0.0,
        0.0,
        0.0
      ],
      "amp_eff": 2.7755575615628915e-18,
      "saturation_boundary": 0.6,
      "localization": 0.03910068426197455,
      "propagation_stability": 67.96517858395838
    },
    "small-world": {
      "k": [
        0.0,
        0.2,
        0.4,
        0.6,
        0.8,
        1.0
      ],
      "transfer": [
        -0.012707722385141729,
        -0.0058651026392961825,
        -0.021505376344086002,
        -0.0058651026392961825,
        -0.003910068426197455,
        0.0
      ],
      "std": [
        0.0,
        0.0,
        0.0,
        0.0,
        0.0,
        0.0
      ],
      "amp_eff": 0.012707722385141732,
      "saturation_boundary": 0.6,
      "localization": 0.0,
      "propagation_stability": 58.830597704134924
    },
    "scale-free": {
      "k": [
        0.0,
        0.2,
        0.4,
        0.6,
        0.8,
        1.0
      ],
      "transfer": [
        -0.035190615835777095,
        -0.05474095796676437,
        -0.02346041055718473,
        -0.01564027370478982,
        -0.017595307917888547,
        -0.019550342130987275
      ],
      "std": [
        0.0,
        0.0,
        0.0,
        0.0,
        0.0,
        0.0
      ],
      "amp_eff": 0.01564027370478982,
      "saturation_boundary": 0.6,
      "localization": 0.019550342130987275,
      "propagation_stability": 42.268894060273205
    },
    "modular": {
      "k": [
        0.0,
        0.2,
        0.4,
        0.6,
        0.8,
        1.0
      ],
      "transfer": [
        -0.043010752688172005,
        -0.06842619745845546,
        -0.04692082111436946,
        -0.01564027370478982,
        0.0019550342130987275,
        -0.019550342130987275
      ],
      "std": [
        0.0,
        0.0,
        0.0,
        0.0,
        0.0,
        0.0
      ],
      "amp_eff": 0.023460410557184723,
      "saturation_boundary": 0.6,
      "localization": 0.019550342130987275,
      "propagation_stability": 30.065752834437042
    }
  },
  "answers": {
    "Q1_sparse_geometry": "True",
    "Q2_modular_localization": "True",
    "Q3_hierarchical_saturation": "False",
    "Q4_small_world_amp": "True",
    "Q5_scale_free_stability": "True"
  },
  "universal_k": [],
  "sensitive_k": [
    0.0,
    0.2,
    0.4,
    0.8,
    1.0
  ]
}