{
  "results": {
    "chirp": {
      "replay": 0.02832353271727038,
      "stitch": 2.4172709356076206e-06,
      "reverse": 5.276957874883479e-08,
      "adv": 2.0392709935309425,
      "corr": 0.9999999943053771,
      "gate": false,
      "variants": {
        "base": {
          "metrics_raw": [
            8.087903295398732,
            1.2052658174298157e-14,
            111.53641454804321,
            722196721.1684217
          ],
          "metrics": [
            0.5476942911832461,
            -0.8561485095632672,
            0.9587080193167334,
            1.0001098597676457
          ]
        },
        "replay": {
          "metrics_raw": [
            8.0475004990743,
            1.1910353817057665e-14,
            111.05555969307456,
            722172231.2240212
          ],
          "metrics": [
            0.5237751232247689,
            -0.8561485095632674,
            0.9435395072177616,
            0.9999996306254456
          ]
        },
        "stitch": {
          "metrics_raw": [
            8.087906715717764,
            1.2053127143475729e-14,
            111.53645640065129,
            722196721.1655408
          ],
          "metrics": [
            0.5476963160724332,
            -0.8561485095632672,
            0.958709339552529,
            1.0001098597546785
          ]
        },
        "reverse": {
          "metrics_raw": [
            8.087903295398732,
            1.2052658174298158e-14,
            111.53641622063958,
            722196721.3688948
          ],
          "metrics": [
            0.5476942911832461,
            -0.8561485095632672,
            0.958708072078597,
            1.000109860669974
          ]
        },
        "adversarial": {
          "metrics_raw": [
            7.091927398107604,
            1.2263666207257813,
            81.37934585638499,
            499999266.2003882
          ],
          "metrics": [
            -0.041941004814698556,
            0.5243450462452707,
            0.007406692955452342,
            0.0
          ]
        }
      }
    },
    "rw_trend": {
      "replay": 0.05253805830215029,
      "stitch": 0.0019873407807953687,
      "reverse": 0.002509295553045556,
      "adv": 0.6589306536148591,
      "corr": 0.9999828383845393,
      "gate": false,
      "variants": {
        "base": {
          "metrics_raw": [
            6.358361629588101,
            0.7607156333356726,
            80.94393748722464,
            499999183.83235115
          ],
          "metrics": [
            -0.476224876775231,
            0.00017211420028464866,
            -0.006328214880786042,
            -3.7073820665616694e-07
          ]
        },
        "replay": {
          "metrics_raw": [
            6.3495755564375305,
            0.7550238727165042,
            79.29911160631546,
            499999184.1353179
          ],
          "metrics": [
            -0.4814263870295319,
            -0.0062349737970360565,
            -0.05821406155046208,
            -3.6937455441535746e-07
          ]
        },
        "stitch": {
          "metrics_raw": [
            6.355025860609988,
            0.7605627350412228,
            80.94841286944808,
            499999183.8415114
          ],
          "metrics": [
            -0.47819971083912755,
            0.0,
            -0.006187039453934861,
            -3.706969762713489e-07
          ]
        },
        "reverse": {
          "metrics_raw": [
            6.354123292257357,
            0.7607175491342293,
            80.94472886278595,
            499999183.8202245
          ],
          "metrics": [
            -0.4787340472213726,
            0.0001742707719957775,
            -0.0063032510280715175,
            -3.707927885451184e-07
          ]
        },
        "adversarial": {
          "metrics_raw": [
            7.041726037163978,
            1.2226264593008997,
            80.54732482401745,
            499999265.78952384
          ],
          "metrics": [
            -0.07166109583296743,
            0.5201348299384398,
            -0.01883931655377616,
            -1.8492988171328126e-09
          ]
        }
      }
    },
    "regime_switch": {
      "replay": 1.4523140722807495,
      "stitch": 0.00312829457131434,
      "reverse": 0.04027692096768732,
      "adv": 1.6697493454896484,
      "corr": 0.9998889798015342,
      "gate": false,
      "variants": {
        "base": {
          "metrics_raw": [
            5.231358540756582,
            0.48713212641800085,
            55.36261230004309,
            499999124.3705829
          ],
          "metrics": [
            -1.1434305809304677,
            -0.30779473836443494,
            -0.8132882291137523,
            -6.383753887928399e-07
          ]
        },
        "replay": {
          "metrics_raw": [
            6.8814416512706025,
            1.1799680784196127,
            78.80121970871227,
            499999265.6633605
          ],
          "metrics": [
            -0.16655227902036931,
            0.4721152419028557,
            -0.0739200052354155,
            -2.4171596135252524e-09
          ]
        },
        "stitch": {
          "metrics_raw": [
            5.226695895677916,
            0.48722734776025134,
            55.316074560877965,
            499999124.34412044
          ],
          "metrics": [
            -1.1461909490463726,
            -0.3076875498229901,
            -0.8147562568403954,
            -6.384944961106226e-07
          ]
        },
        "reverse": {
          "metrics_raw": [
            5.296110777706875,
            0.48743777703026736,
            54.97103203320975,
            499999123.951144
          ],
          "metrics": [
            -1.1050961147003524,
            -0.307450674286506,
            -0.8256405844114175,
            -6.402632816045899e-07
          ]
        },
        "adversarial": {
          "metrics_raw": [
            7.239327354751805,
            1.237510582929498,
            81.14454733141082,
            499999264.65175384
          ],
          "metrics": [
            0.04532236903036446,
            0.5368895559770345,
            0.0,
            -6.970397042272811e-09
          ]
        }
      }
    },
    "chaotic_logistic": {
      "replay": 0.5091961067718738,
      "stitch": 1.4750228491424215,
      "reverse": 0.5893703387328239,
      "adv": 1.0237475647207248,
      "corr": 0.9268820940323548,
      "gate": false,
      "variants": {
        "base": {
          "metrics_raw": [
            8.122655748210432,
            0.8866110691455513,
            91.76828094162941,
            639998858.6611553
          ],
          "metrics": [
            0.5682683561340285,
            0.1418897987034642,
            0.3351244770386255,
            0.6301376080279976
          ]
        },
        "replay": {
          "metrics_raw": [
            8.125454174909507,
            0.882741636491269,
            76.6697250326185,
            599998957.0300567
          ],
          "metrics": [
            0.5699250740922895,
            0.13753406465656834,
            -0.1411577640916299,
            0.4500982101116133
          ]
        },
        "stitch": {
          "metrics_raw": [
            10.121982789888404,
            0.8883537453440109,
            119.41236227884208,
            666526920.3340573
          ],
          "metrics": [
            1.7519052244787412,
            0.14385149043673284,
            1.2071539010855263,
            0.7495403079527575
          ]
        },
        "reverse": {
          "metrics_raw": [
            7.162771579565419,
            0.886616211043693,
            96.72300155378569,
            639998985.6373582
          ],
          "metrics": [
            0.0,
            0.1418955868235331,
            0.4914205792323256,
            0.6301381795473808
          ]
        },