{
  "gate_count": 3,
  "results": {
    "chirp": {
      "replay": 1.952667736298234,
      "stitch": 1.2140370440928006,
      "reverse": 0.0,
      "adv": 1.5292764250908744,
      "corr": 0.3381799261762781,
      "gate": false
    },
    "rw_trend": {
      "replay": 0.6000569465492095,
      "stitch": 0.9712358010140228,
      "reverse": 2.0,
      "adv": 1.0299305699455257,
      "corr": 0.023198608520630628,
      "gate": true
    },
    "regime_switch": {
      "replay": 114.66337071932257,
      "stitch": 6.6468989203093205,
      "reverse": 3.069745569137444,
      "adv": 114.25840816775202,
      "corr": 0.18642704682712563,
      "gate": true
    },
    "chaotic_logistic": {
      "replay": 0.4789115634948693,
      "stitch": 0.9352836046704892,
      "reverse": 47.677844596663505,
      "adv": 20.98745672142965,
      "corr": 0.28584441168738983,
      "gate": true
    },
    "coupled_osc": {
      "replay": 0.9591187124384997,
      "stitch": 0.15679560911670293,
      "reverse": 1.1834977442504169e-13,
      "adv": 0.7850386564608423,
      "corr": 0.26281945524763,
      "gate": false
    }
  },
  "metric_std": [
    9.417350799964163,
    0.0,
    0.0,
    36.367159114280724
  ]
}