k,silhouette,shell_corr,cluster_separation
2,0.43087052270716397,-0.10566698236181672,0.3896112529761905
3,0.4905268308006321,-0.14424563616803027,0.3870272042350727
4,0.5454729317390503,-0.19408689104344967,0.42209512753130485
5,0.5625155649142003,-0.7216443552948202,0.6256898932937252
6,0.5702524416154876,-0.2592668224513293,0.7734703147833408
7,0.5688977309468434,-0.1635318578829514,0.7241536480300133
8,0.541727087821055,-0.21004034044480274,0.6848690228450316
