cluster,size,mean_stability,std_stability
0,6,0.5301174999999999,0.17496027478425877
1,1,-0.553197,0.0
2,6,1.0913095,0.03791607714303611
3,3,0.3335173333333333,0.11109522231051264
4,14,0.9636327857142856,0.06392425287029573
5,1,1.979348,0.0
