{
  "geom_pc1": 0.9808790600411474,
  "info_pc1": 0.9878194635381953,
  "cca_coupling": 0.9999146016642199,
  "flow_correlation": 0.24178141900409408,
  "tau_geom": [
    0.0003486533095901227,
    0.9970212890203802,
    -0.07712245784699845,
    -0.0007444304179787808
  ],
  "tau_info": [
    0.011864425975780076,
    0.015296591037535556,
    0.999230828169857,
    0.03410281123130118
  ],
  "checks": {
    "H1_dual_coupling": true,
    "H2_lowrank_duality": true,
    "H3_flow_linkage": false
  }
}