phase,mean_ARI_to_consensus,min_ARI,max_ARI,core_strength,high_consistency_fraction,stability_dispersion,verdict
527,0.5797814877889244,0.22167100248048885,0.8223326010125132,0.29872728728087733,0.1841831425598335,0.36876324702248114,PARTIAL-INVARIANT-CORE
