{
  "scores": {
    "real": 0.6593188407017198,
    "shuffle": 0.005286518449847827,
    "replay": 0.5681835050705469,
    "artifact": 0.6449800226198072
  },
  "ratio": 1.6233381743230026
}