phase,ARI,NMI,purity,centroid_corr,distance_corr,verdict
525,0.4955193438496756,0.741345510305356,0.8709677419354839,0.21569851025948422,0.28629322310752453,PARTIAL-TAXONOMIC-OVERLAP
