signal_length,base_replay_corr
64,0.7487520067754395
128,0.3547858444138489
256,0.4920273098176402
512,0.5541990266527428
1024,0.5387994675605342
