dataset,temporal_scramble_corr,phase_randomize_corr,transform_pc1_original,transform_pc1_shuffled_metrics
white_noise,0.9939597059224725,0.9898229772747528,0.9303363871209838,0.3224925313339175
sine_wave,-0.4123302385614345,0.9999999880091294,0.6138002514103494,0.36091424140172396
random_walk,0.516239485536948,0.9991315299596373,0.6435509649809813,0.34841013199432963
