dataset,old_pc1,new_pc1,old_effective_rank,new_effective_rank,old_intrinsic_dim_mle,new_intrinsic_dim_mle
white_noise,0.4612040499893908,0.40619211612914147,2.842061060724268,2.9088930424885007,3.9073312812642786,3.4665771497638183
sine_wave,0.9962713948736485,0.8964897253613209,1.0248753188956865,1.3947679801580106,-1.4426950408889636,-1.4426950408889636
random_walk,0.9954238549559203,0.9763616085020678,1.0299906557419947,1.1340789497548989,1.95625973858095,2.733765360072569
