{
  "replay_distance": 1417.9510411156223,
  "stitched_distance": 363.7865080811688,
  "reverse_distance": 1180.7664281142886,
  "min_adversarial_distance": 57201.5708,
  "mean_adversarial_distance": 57970.93229999999,
  "max_metric_corr": 0.661149789022525,
  "gate_open": true,
  "attack_distances": [
    58521.0051,
    58398.7397,
    57846.9131,
    57429.2726,
    58281.1384,
    57397.7487,
    57509.5902,
    59263.4303,
    57201.5708,
    57779.6611,
    57983.6644,
    58038.4532,
    58521.0051,
    58398.7397,
    57846.9131,
    57429.2726,
    58281.1384,
    57397.7487,
    57509.5902,
    59263.4303,
    57201.5708,
    57779.6611,
    57983.6644,
    58038.4532,
    57970.93229999999
  ],
  "correlation_matrix": [
    [
      1.0,
      -0.6439920513995766,
      0.6188450337993605,
      -0.16290382492515207
    ],
    [
      -0.6439920513995766,
      1.0,
      -0.661149789022525,
      -0.642628788831701
    ],
    [
      0.6188450337993605,
      -0.6611497890225249,
      1.0,
      0.3311681987141981
    ],
    [
      -0.16290382492515207,
      -0.6426287888317009,
      0.3311681987141981,
      1.0
    ]
  ]
}