{
  "results": {
    "chirp": {
      "replay": 0.21468962188154816,
      "stitch": 0.0006729572522327596,
      "reverse": 4.440892098500626e-16,
      "adv": 3.8463893856527283,
      "corr": 0.9999716818033254,
      "gate": false
    },
    "rw_trend": {
      "replay": 0.12035258157517405,
      "stitch": 0.08368535076335738,
      "reverse": 0.0032899458668295047,
      "adv": 79.88528258397757,
      "corr": 0.9999432492552325,
      "gate": false
    },
    "regime_switch": {
      "replay": 1.740577505108457,
      "stitch": 0.005613343968194733,
      "reverse": 0.006273767942917694,
      "adv": 6.5503772764688195,
      "corr": 0.9922265815995522,
      "gate": false
    },
    "chaotic_logistic": {
      "replay": 0.04895323720875422,
      "stitch": 0.045962632360873126,
      "reverse": 0.05644642974479733,
      "adv": 0.18162888889627954,
      "corr": 0.9158500694250389,
      "gate": false
    },
    "coupled_osc": {
      "replay": 0.002737260202186928,
      "stitch": 0.0023230808203922207,
      "reverse": 0.012551363761073315,
      "adv": 4.160647890252942,
      "corr": 0.9999973436081603,
      "gate": false
    }
  },
  "metric_std": [
    0.8085359572582634,
    0.002136398419473245,
    0.36605043651066016,
    15.89550193028074
  ],
  "global_corr": [
    [
      1.0,
      0.4322565061642445,
      -0.9945287463940173,
      0.2589465669320651
    ],
    [
      0.43225650616424444,
      1.0,
      -0.450900399297825,
      -0.029703412816775618
    ],
    [
      -0.9945287463940174,
      -0.450900399297825,
      0.9999999999999999,
      -0.2823575027830561
    ],
    [
      0.2589465669320651,
      -0.02970341281677562,
      -0.2823575027830561,
      1.0
    ]
  ],
  "knn_self_accuracy": 1.0
}