{
  "mhd": {
    "computability": "all_descriptors_computable",
    "value_ranges": {
      "mean": {
        "min": 0.07588157057762146,
        "max": 0.5117788314819336,
        "mean": 0.2583994820713997,
        "std": 0.15478901446280252
      },
      "variance": {
        "min": 0.0034592323936522007,
        "max": 0.03639964014291763,
        "mean": 0.01714750301713745,
        "std": 0.010865897098428551
      },
      "entropy": {
        "min": 4.76729104516055,
        "max": 7.590173048792263,
        "mean": 6.396614372564107,
        "std": 1.0087226060956405
      },
      "frame_difference": {
        "min": 0.0,
        "max": 0.21624773740768433,
        "mean": 0.1332274056971073,
        "std": 0.0628987484604995
      },
      "component_count": {
        "min": 2.0,
        "max": 42.0,
        "mean": 19.4,
        "std": 11.643596237131092
      },
      "spectral_peak": {
        "min": 1.0,
        "max": 3.0,
        "mean": 1.4666666666666666,
        "std": 0.6182412330330469
      },
      "autocorrelation_length": {
        "min": 32.0,
        "max": 32.0,
        "mean": 32.0,
        "std": 0.0
      },
      "temporal_derivative_norm": {
        "min": 0.0,
        "max": 0.21624773740768433,
        "mean": 0.1332274056971073,
        "std": 0.0628987484604995
      }
    },
    "transform_sensitivity": "pending"
  },
  "gray_scott": {
    "computability": "all_descriptors_computable",
    "value_ranges": {},
    "transform_sensitivity": "tested"
  },
  "rayleigh_benard": {
    "computability": "all_descriptors_computable",
    "value_ranges": {},
    "transform_sensitivity": "tested"
  },
  "active_matter": {
    "computability": "all_descriptors_computable",
    "value_ranges": {},
    "transform_sensitivity": "tested"
  },
  "acoustic_scattering": {
    "computability": "all_descriptors_computable",
    "value_ranges": {},
    "transform_sensitivity": "tested"
  },
  "rayleigh_taylor": {
    "computability": "all_descriptors_computable",
    "value_ranges": {},
    "transform_sensitivity": "tested"
  }
}