{
  "S1_independent": {
    "n_components": 15,
    "n_timepoints": 500,
    "C": {
      "mean": 0.004116242278909657,
      "ci_lo": 0.00727301780530682,
      "ci_hi": 0.011620998666903914
    },
    "predictive_information": {
      "mean": 0.2617248823657361,
      "ci_lo": 0.21520113661680568,
      "ci_hi": 0.33263598272137596
    },
    "statistical_complexity": {
      "mean": 20.949395417092344,
      "ci_lo": 20.749470804637657,
      "ci_hi": 20.905799468718293
    },
    "mse": {
      "1": 2.2012175148403514,
      "2": 2.185224267473004,
      "5": 2.032287143553709,
      "10": 1.6431566245095213
    },
    "transfer_entropy": {
      "mean": 0.015843072857558642,
      "max": 0.11405483824066387,
      "edges": 79
    },
    "elapsed_seconds": 11.5
  },
  "S2_fully_coupled": {
    "n_components": 10,
    "n_timepoints": 500,
    "C": {
      "mean": 0.8113311623121217,
      "ci_lo": 0.8113311623121217,
      "ci_hi": 0.8113311623121217
    },
    "predictive_information": {
      "mean": 0.25003983777231653,
      "ci_lo": 0.22281469526459088,
      "ci_hi": 0.3096654930663174
    },
    "statistical_complexity": {
      "mean": 13.949355507627773,
      "ci_lo": 13.889729852333772,
      "ci_hi": 13.9765806501355
    },
    "mse": {
      "1": 2.2348445698235606,
      "2": 2.2392579590427717,
      "5": 2.5649493574615367,
      "10": 0.0
    },
    "transfer_entropy": {
      "mean": 0.0,
      "max": 0.0,
      "edges": 0
    },
    "elapsed_seconds": 8.3
  },
  "S3_coupled_markov": {
    "n_components": 8,
    "n_timepoints": 1500,
    "C": {
      "mean": 0.26125596670025025,
      "ci_lo": 0.25066152058392266,
      "ci_hi": 0.2740304602558767
    },
    "predictive_information": {
      "mean": 1.7126470403361225,
      "ci_lo": 0.23132371367989196,
      "ci_hi": 0.2840951561824435
    },
    "statistical_complexity": {
      "mean": 5.627070577061466,
      "ci_lo": 6.807317965757482,
      "ci_hi": 7.310175705313318
    },
    "mse": {
      "1": 1.533002835046671,
      "2": 1.650516413397204,
      "5": 1.78466676402549,
      "10": 1.9424239432835875
    },
    "transfer_entropy": {
      "mean": 0.035418441389908475,
      "max": 0.0732089385500565,
      "edges": 54
    },
    "elapsed_seconds": 45.8
  },
  "S4_modular": {
    "n_components": 12,
    "n_timepoints": 1500,
    "C": {
      "mean": 0.14061693904489564,
      "ci_lo": 0.1353234800098235,
      "ci_hi": 0.14657922881805938
    },
    "predictive_information": {
      "mean": 1.3925029418851746,
      "ci_lo": 0.22270357397007284,
      "ci_hi": 0.28815928639226784
    },
    "statistical_complexity": {
      "mean": 12.852660886261136,
      "ci_lo": 13.843005450219971,
      "ci_hi": 14.091869401301789
    },
    "mse": {
      "1": 1.9107255194525863,
      "2": 1.9584709954324253,
      "5": 2.111826054315903,
      "10": 2.286978981723691
    },
    "transfer_entropy": {
      "mean": 0.01405481454978488,
      "max": 0.0731301805649558,
      "edges": 69
    },
    "elapsed_seconds": 63.4
  },
  "S5_sandpile": {
    "n_components": 15,
    "n_timepoints": 200,
    "C": {
      "mean": 0.1297565053259681,
      "ci_lo": 0.1162699514799641,
      "ci_hi": 0.16212657610423795
    },
    "predictive_information": {
      "mean": 2.3620970599988427,
      "ci_lo": 0.5012579065865951,
      "ci_hi": 0.7978965440369654
    },
    "statistical_complexity": {
      "mean": 15.78603391640646,
      "ci_lo": 16.58536336199527,
      "ci_hi": 17.727580825973906
    },
    "mse": {
      "1": 0.41927015885629587,
      "2": 0.49977831549620527,
      "5": 0.5674772566705616,
      "10": 0.8807078950106145
    },
    "transfer_entropy": {
      "mean": 0.025819608188421925,
      "max": 0.2639192512122044,
      "edges": 55
    },
    "elapsed_seconds": 2.8
  },
  "S6_hierarchical": {
    "n_components": 14,
    "n_timepoints": 1500,
    "C": {
      "mean": 0.20396157696547423,
      "ci_lo": 0.1950026737671514,
      "ci_hi": 0.21329581654594376
    },
    "predictive_information": {
      "mean": 1.529646161168742,
      "ci_lo": 0.22355253403432668,
      "ci_hi": 0.29093280912825786
    },
    "statistical_complexity": {
      "mean": 13.25028913853306,
      "ci_lo": 14.258892531864156,
      "ci_hi": 14.715518249810199
    },
    "mse": {
      "1": 1.7802575487283865,
      "2": 1.902272400877911,
      "5": 2.120583327586517,
      "10": 2.1707456996906154
    },
    "transfer_entropy": {
      "mean": 0.027214291397215727,
      "max": 0.1678865585311664,
      "edges": 124
    },
    "elapsed_seconds": 74.1
  },
  "P1_forest_succession": {
    "n_components": 20,
    "n_timepoints": 41,
    "C": {
      "mean": 0.6845169252013632,
      "ci_lo": 0.0,
      "ci_hi": 0.7197751820940111
    },
    "predictive_information": {
      "mean": 2.209207529341033,
      "ci_lo": 0.18584422359490496,
      "ci_hi": 0.4672158518599453
    },
    "statistical_complexity": {
      "mean": 0.0,
      "ci_lo": 0.0,
      "ci_hi": 27.94117045549585
    },
    "mse": {
      "1": 0.17553794056286273,
      "2": 0.360037707655662,
      "5": 0.23348543535628313,
      "10": 0.0
    },
    "transfer_entropy": {
      "mean": 0.06829599699191996,
      "max": 0.5541873879898791,
      "edges": 125
    },
    "elapsed_seconds": 1.5
  },
  "P2_granular_relaxation": {
    "n_components": 20,
    "n_timepoints": 2000,
    "C": {
      "mean": 0.5732773362799691,
      "ci_lo": 0.5709286554820785,
      "ci_hi": 0.5757434078531277
    },
    "predictive_information": {
      "mean": 6.072992533903273,
      "ci_lo": 0.22843504415641913,
      "ci_hi": 0.2775305050751501
    },
    "statistical_complexity": {
      "mean": 0.0,
      "ci_lo": 0.0,
      "ci_hi": 0.0
    },
    "mse": {
      "1": 0.00966469483105743,
      "2": 0.018216083791725544,
      "5": 0.03498866894684667,
      "10": 0.05978449987333202
    },
    "transfer_entropy": {
      "mean": 0.15218947459415907,
      "max": 1.8720578725234658,
      "edges": 47
    },
    "elapsed_seconds": 215.1
  }
}