{
  "S1_independent": {
    "C": 0.0041474724937479055,
    "CI": [
      0.0041474724937479055,
      0.007375150621438588,
      0.01188904007949262
    ]
  },
  "S2_fully_coupled": {
    "C": 1.0,
    "CI": [
      1.0,
      1.0,
      1.0
    ]
  },
  "S3_coupled_markov": {
    "C": 0.5198765380202675,
    "CI": [
      0.5198765380202675,
      0.4826961942393412,
      0.5573520884223531
    ]
  },
  "S4_modular": {
    "C": 0.20075551136354877,
    "CI": [
      0.20075551136354877,
      0.19426733869009566,
      0.21254308214003878
    ]
  },
  "S5_critical": {
    "C": 0.1784518076433895,
    "CI": [
      0.1784518076433895,
      0.1439422179303213,
      0.24543921491001278
    ]
  },
  "S6_hierarchical": {
    "C": 0.3443764271167335,
    "CI": [
      0.3443764271167335,
      0.31958279423656294,
      0.37186120075736334
    ]
  },
  "S7_recovery_trajectory": {
    "C_mean": 0.44761193619042544,
    "C_std": 0.3213330578192883,
    "C_min": 0.07124856367559715,
    "C_max": 1.0
  },
  "summary": {
    "passed": 8,
    "failed": 0,
    "verdict": "PASS"
  },
  "estimator": "gaussian",
  "n_bootstrap": 100,
  "elapsed_seconds": 5.507004976272583
}