null_name,pr,survival_pr,knn_r,smooth_mean
iid_gaussian,2.5257469310912413,1.2980567985868436,0.8255032932457976,162.61784631783215
cov_gaussian,1.9511713864322848,1.002765262104975,0.8270585496710842,184.2503067760345
spectrum_rand,1.943349271926529,0.9987452437933484,0.8162302932278434,262.61752489196755
copula_shuffle,1.7527308621086095,0.9007807487150312,0.9084084878560504,153.34494994939334
maxent,1.9701888937889749,1.0125389272385048,0.8622260586009195,176.22983373376528
lowrank_adj,3.0846665309827856,1.5853022773685217,0.8682623100955044,226.19275676748305
random_embedding,1.999632292099852,1.027670769182156,0.8778831725751837,138.4092216902835
