{
  "dataset": "gray_scott_reaction_diffusion",
  "prohibited_words": [
    "coherence",
    "fertility",
    "interaction",
    "persistence",
    "emergence",
    "observer",
    "sentience",
    "hierarchy",
    "organization",
    "structure",
    "pattern",
    "function",
    "purpose",
    "adaptive",
    "self",
    "collective",
    "global",
    "local",
    "information",
    "complexity",
    "dynamics",
    "stability",
    "attractor",
    "state",
    "variable",
    "parameter",
    "system"
  ],
  "results": {
    "bubbles": {
      "F": 0.098,
      "k": 0.057,
      "time_series": {
        "0": {
          "time_step": 0,
          "A_mean": 0.8967034816741943,
          "A_std": 0.14588424563407898,
          "A_min": 0.0023311087861657143,
          "A_max": 1.0,
          "B_mean": 0.05791033059358597,
          "B_std": 0.1280183643102646,
          "B_min": -1.9977966892707218e-16,
          "B_max": 0.986049473285675,
          "A_spatial_variance": 0.021282212808728218,
          "B_spatial_variance": 0.016388703137636185,
          "A_total": 14691.58984375,
          "B_total": 948.8028564453125,
          "B_local_maxima_count": 30,
          "A_local_maxima_count": 94
        },
        "100": {
          "time_step": 100,
          "A_mean": 0.9652682542800903,
          "A_std": 0.11826146394014359,
          "A_min": 0.30419760942459106,
          "A_max": 1.0003724098205566,
          "B_mean": 0.021926207467913628,
          "B_std": 0.08530334383249283,
          "B_min": -0.0009274576441384852,
          "B_max": 0.5247869491577148,
          "A_spatial_variance": 0.013985773548483849,
          "B_spatial_variance": 0.007276660762727261,
          "A_total": 15814.955078125,
          "B_total": 359.2389831542969,
          "B_local_maxima_count": 3758,
          "A_local_maxima_count": 3073
        },
        "500": {
          "time_step": 500,
          "A_mean": 0.969489336013794,
          "A_std": 0.11052651703357697,
          "A_min": 0.3054733872413635,
          "A_max": 1.0003193616867065,
          "B_mean": 0.019290439784526825,
          "B_std": 0.08055081218481064,
          "B_min": -0.0007836720324121416,
          "B_max": 0.5355024933815002,
          "A_spatial_variance": 0.012216111645102501,
          "B_spatial_variance": 0.006488433573395014,
          "A_total": 15884.11328125,
          "B_total": 316.0545654296875,
          "B_local_maxima_count": 3820,
          "A_local_maxima_count": 3081
        },
        "1000": {
          "time_step": 1000,
          "A_mean": 0.9695650935173035,
          "A_std": 0.11038237810134888,
          "A_min": 0.3054748773574829,
          "A_max": 1.0003306865692139,
          "B_mean": 0.019242705777287483,
          "B_std": 0.08045744895935059,
          "B_min": -0.0008026550058275461,
          "B_max": 0.5355020761489868,
          "A_spatial_variance": 0.012184268794953823,
          "B_spatial_variance": 0.006473401095718145,
          "A_total": 15885.3544921875,
          "B_total": 315.2724914550781,
          "B_local_maxima_count": 3784,
          "A_local_maxima_count": 3132
        }
      },
      "observations": [
        "Pattern: bubbles (F=0.098, k=0.057)",
        "Time steps analyzed: [0, 100, 500, 1000]",
        "\nTime step 0:",
        "  A: mean=0.8967, std=0.1459, range=[0.0023, 1.0000]",
        "  B: mean=0.0579, std=0.1280, range=[-0.0000, 0.9860]",
        "  Spatial variance: A=0.021282, B=0.016389",
        "  Local maxima: A=94, B=30",
        "\nTime step 100:",
        "  A: mean=0.9653, std=0.1183, range=[0.3042, 1.0004]",
        "  B: mean=0.0219, std=0.0853, range=[-0.0009, 0.5248]",
        "  Spatial variance: A=0.013986, B=0.007277",
        "  Local maxima: A=3073, B=3758",
        "\nTime step 500:",
        "  A: mean=0.9695, std=0.1105, range=[0.3055, 1.0003]",
        "  B: mean=0.0193, std=0.0806, range=[-0.0008, 0.5355]",
        "  Spatial variance: A=0.012216, B=0.006488",
        "  Local maxima: A=3081, B=3820",
        "\nTime step 1000:",
        "  A: mean=0.9696, std=0.1104, range=[0.3055, 1.0003]",
        "  B: mean=0.0192, std=0.0805, range=[-0.0008, 0.5355]",
        "  Spatial variance: A=0.012184, B=0.006473",
        "  Local maxima: A=3132, B=3784",
        "\nChange from t=0 to t=1000:",
        "  A mean: 0.8967 -> 0.9696 (delta=0.072862)",
        "  B mean: 0.0579 -> 0.0192 (delta=-0.038668)",
        "  A spatial variance: 0.021282 -> 0.012184",
        "  B spatial variance: 0.016389 -> 0.006473",
        "  A local maxima: 94 -> 3132",
        "  B local maxima: 30 -> 3784"
      ]
    },
    "maze": {
      "F": 0.029,
      "k": 0.057,
      "time_series": {
        "0": {
          "time_step": 0,
          "A_mean": 0.8929383158683777,
          "A_std": 0.13266737759113312,
          "A_min": 0.001671569305472076,
          "A_max": 1.0,
          "B_mean": 0.03144463524222374,
          "B_std": 0.10122938454151154,
          "B_min": 3.579632372629353e-19,
          "B_max": 0.98307865858078,
          "A_spatial_variance": 0.017600631341338158,
          "B_spatial_variance": 0.010247388854622841,
          "A_total": 14629.9013671875,
          "B_total": 515.1889038085938,
          "B_local_maxima_count": 100,
          "A_local_maxima_count": 107
        },
        "100": {
          "time_step": 100,
          "A_mean": 0.5952155590057373,
          "A_std": 0.2205839455127716,
          "A_min": 0.2244042456150055,
          "A_max": 0.9999468326568604,
          "B_mean": 0.1384166181087494,
          "B_std": 0.11097561568021774,
          "B_min": -0.00021442084107547998,
          "B_max": 0.39316612482070923,
          "A_spatial_variance": 0.04865727573633194,
          "B_spatial_variance": 0.012315587140619755,
          "A_total": 9752.01171875,
          "B_total": 2267.81787109375,
          "B_local_maxima_count": 557,
          "A_local_maxima_count": 199
        },
        "500": {
          "time_step": 500,
          "A_mean": 0.5152560472488403,
          "A_std": 0.1459878385066986,
          "A_min": 0.26028144359588623,
          "A_max": 0.8066842555999756,
          "B_mean": 0.16345569491386414,
          "B_std": 0.09730356186628342,
          "B_min": 0.009140749461948872,
          "B_max": 0.3460069000720978,
          "A_spatial_variance": 0.021312447264790535,
          "B_spatial_variance": 0.00946798361837864,
          "A_total": 8441.955078125,
          "B_total": 2678.05810546875,
          "B_local_maxima_count": 623,
          "A_local_maxima_count": 485
        },
        "1000": {
          "time_step": 1000,
          "A_mean": 0.5138934850692749,
          "A_std": 0.14455711841583252,
          "A_min": 0.25787270069122314,
          "A_max": 0.8018494844436646,
          "B_mean": 0.16392143070697784,
          "B_std": 0.09715050458908081,
          "B_min": 0.009491918608546257,
          "B_max": 0.3445475697517395,
          "A_spatial_variance": 0.020896758884191513,
          "B_spatial_variance": 0.009438220411539078,
          "A_total": 8419.630859375,
          "B_total": 2685.688720703125,
          "B_local_maxima_count": 618,
          "A_local_maxima_count": 500
        }
      },