{
  "dataset": "gray_scott_reaction_diffusion",
  "prohibited_words": [
    "coherence",
    "fertility",
    "interaction",
    "persistence",
    "emergence",
    "observer",
    "sentience",
    "hierarchy",
    "organization",
    "structure",
    "pattern",
    "function",
    "purpose",
    "adaptive",
    "self",
    "collective",
    "global",
    "local",
    "information",
    "complexity",
    "dynamics",
    "stability",
    "attractor",
    "state",
    "variable",
    "parameter",
    "system"
  ],
  "results": {
    "gliders": {
      "F": 0.014,
      "k": 0.054,
      "time_series": {
        "0": {
          "time_step": 0,
          "A_mean": 0.8967034816741943,
          "A_std": 0.14588424563407898,
          "A_min": 0.0023311087861657143,
          "A_max": 1.0,
          "B_mean": 0.05791033059358597,
          "B_std": 0.1280183643102646,
          "B_min": -1.9977966892707218e-16,
          "B_max": 0.986049473285675,
          "A_spatial_variance": 0.021282212808728218,
          "B_spatial_variance": 0.016388703137636185,
          "A_total": 14691.58984375,
          "B_total": 948.8028564453125,
          "B_local_maxima_count": 30,
          "A_local_maxima_count": 94
        },
        "100": {
          "time_step": 100,
          "A_mean": 0.8524140119552612,
          "A_std": 0.20235222578048706,
          "A_min": 0.16614992916584015,
          "A_max": 1.000016212463379,
          "B_mean": 0.03228744864463806,
          "B_std": 0.07060489803552628,
          "B_min": -0.00018645824457053095,
          "B_max": 0.4309297502040863,
          "A_spatial_variance": 0.04094642400741577,
          "B_spatial_variance": 0.004985051229596138,
          "A_total": 13965.951171875,
          "B_total": 528.99755859375,
          "B_local_maxima_count": 2031,
          "A_local_maxima_count": 374
        },
        "500": {
          "time_step": 500,
          "A_mean": 0.7569467425346375,
          "A_std": 0.19694221019744873,
          "A_min": 0.157928004860878,
          "A_max": 0.9919077157974243,
          "B_mean": 0.04940202832221985,
          "B_std": 0.0794084295630455,
          "B_min": -0.00013311259681358933,
          "B_max": 0.429250568151474,
          "A_spatial_variance": 0.038786232471466064,
          "B_spatial_variance": 0.006305698771029711,
          "A_total": 12401.8154296875,
          "B_total": 809.40283203125,
          "B_local_maxima_count": 490,
          "A_local_maxima_count": 102
        },
        "1000": {
          "time_step": 1000,
          "A_mean": 0.7647488117218018,
          "A_std": 0.19434736669063568,
          "A_min": 0.13772964477539062,
          "A_max": 0.9909678101539612,
          "B_mean": 0.04779193550348282,
          "B_std": 0.07943178713321686,
          "B_min": -0.00026084433193318546,
          "B_max": 0.43446430563926697,
          "A_spatial_variance": 0.03777089715003967,
          "B_spatial_variance": 0.006309408228844404,
          "A_total": 12529.64453125,
          "B_total": 783.0230712890625,
          "B_local_maxima_count": 502,
          "A_local_maxima_count": 106
        }
      },
      "observations": [
        "Pattern: gliders (F=0.014, k=0.054)",
        "Time steps analyzed: [0, 100, 500, 1000]",
        "\nTime step 0:",
        "  A: mean=0.8967, std=0.1459, range=[0.0023, 1.0000]",
        "  B: mean=0.0579, std=0.1280, range=[-0.0000, 0.9860]",
        "  Spatial variance: A=0.021282, B=0.016389",
        "  Local maxima: A=94, B=30",
        "\nTime step 100:",
        "  A: mean=0.8524, std=0.2024, range=[0.1661, 1.0000]",
        "  B: mean=0.0323, std=0.0706, range=[-0.0002, 0.4309]",
        "  Spatial variance: A=0.040946, B=0.004985",
        "  Local maxima: A=374, B=2031",
        "\nTime step 500:",
        "  A: mean=0.7569, std=0.1969, range=[0.1579, 0.9919]",
        "  B: mean=0.0494, std=0.0794, range=[-0.0001, 0.4293]",
        "  Spatial variance: A=0.038786, B=0.006306",
        "  Local maxima: A=102, B=490",
        "\nTime step 1000:",
        "  A: mean=0.7647, std=0.1943, range=[0.1377, 0.9910]",
        "  B: mean=0.0478, std=0.0794, range=[-0.0003, 0.4345]",
        "  Spatial variance: A=0.037771, B=0.006309",
        "  Local maxima: A=106, B=502",
        "\nChange from t=0 to t=1000:",
        "  A mean: 0.8967 -> 0.7647 (delta=-0.131955)",
        "  B mean: 0.0579 -> 0.0478 (delta=-0.010118)",
        "  A spatial variance: 0.021282 -> 0.037771",
        "  B spatial variance: 0.016389 -> 0.006309",
        "  A local maxima: 94 -> 106",
        "  B local maxima: 30 -> 502"
      ]
    },
    "spots": {
      "F": 0.03,
      "k": 0.062,
      "time_series": {
        "0": {
          "time_step": 0,
          "A_mean": 0.8929383158683777,
          "A_std": 0.13266737759113312,
          "A_min": 0.001671569305472076,
          "A_max": 1.0,
          "B_mean": 0.03144463524222374,
          "B_std": 0.10122938454151154,
          "B_min": 3.579632372629353e-19,
          "B_max": 0.98307865858078,
          "A_spatial_variance": 0.017600631341338158,
          "B_spatial_variance": 0.010247388854622841,
          "A_total": 14629.9013671875,
          "B_total": 515.1889038085938,
          "B_local_maxima_count": 100,
          "A_local_maxima_count": 107
        },
        "100": {
          "time_step": 100,
          "A_mean": 0.8617289066314697,
          "A_std": 0.19826440513134003,
          "A_min": 0.2526947855949402,
          "A_max": 1.0000890493392944,
          "B_mean": 0.04598074406385422,
          "B_std": 0.09150774776935577,
          "B_min": -0.0003081848262809217,
          "B_max": 0.38673514127731323,
          "A_spatial_variance": 0.03930877149105072,
          "B_spatial_variance": 0.008373668417334557,
          "A_total": 14118.56640625,
          "B_total": 753.3485107421875,
          "B_local_maxima_count": 2093,
          "A_local_maxima_count": 834
        },
        "500": {
          "time_step": 500,
          "A_mean": 0.6660305261611938,
          "A_std": 0.17210444808006287,
          "A_min": 0.2614956498146057,
          "A_max": 0.9019701480865479,
          "B_mean": 0.10891430079936981,
          "B_std": 0.11219467222690582,
          "B_min": 0.0017894415650516748,
          "B_max": 0.3755112290382385,
          "A_spatial_variance": 0.029619939625263214,
          "B_spatial_variance": 0.012587645091116428,
          "A_total": 10912.244140625,
          "B_total": 1784.451904296875,
          "B_local_maxima_count": 236,
          "A_local_maxima_count": 454
        },
        "1000": {
          "time_step": 1000,
          "A_mean": 0.6639025807380676,
          "A_std": 0.17070424556732178,
          "A_min": 0.2614433467388153,
          "A_max": 0.8965116739273071,
          "B_mean": 0.10959789156913757,
          "B_std": 0.11233803629875183,
          "B_min": 0.0018322207033634186,
          "B_max": 0.37354785203933716,
          "A_spatial_variance": 0.029139941558241844,
          "B_spatial_variance": 0.012619834393262863,
          "A_total": 10877.3798828125,
          "B_total": 1795.65185546875,
          "B_local_maxima_count": 221,
          "A_local_maxima_count": 478
        }
      },