domain,R2
branching,-0.01755975128004872
cellular_automata,-0.018223439804641917
coupled_map_lattice,-0.01988234373767117
graph_diffusion,-0.006350101538250996
gray_scott,-0.01818347355626493
kuramoto,-0.003193642344294645
lotka_volterra,-0.011356795222553284
nonlinear_oscillator,-0.02592229193147788
population,-0.006395312032729583
replicator,-0.006448661364218733
