{
  "results": {
    "static": 0.000587767185341606,
    "evolving": 0.4419238474294001,
    "random": 0.04145141111889927
  },
  "ratio": 21.024370837481893
}