{
  "het_results": {
    "0.0": -0.05767350928641246,
    "0.2": -0.05278592375366564,
    "0.4": -0.03910068426197455,
    "0.6": -0.04105571847507328
  },
  "asym_results": {
    "0.0": -0.08211143695014655,
    "0.3": -0.07526881720430101,
    "0.6": -0.07722385141739974,
    "1.0": -0.07526881720430101
  },
  "delay_results": {
    "0": -0.05278592375366564,
    "1": -0.04692082111436946,
    "2": -0.045943304007820096,
    "3": -0.045943304007820096
  },
  "topology_preservation": {
    "all-to-all": "preserved"
  },
  "stability_results": [
    -0.03910068426197455,
    -0.03910068426197455,
    -0.03910068426197455
  ],
  "stability_variance": 0.0,
  "amplification_efficiency": [
    {
      "k": 0.0,
      "hom": -0.030303030303030276,
      "het": -0.05767350928641246
    },
    {
      "k": 0.2,
      "hom": -0.05767350928641246,
      "het": -0.05180840664711628
    },
    {
      "k": 0.4,
      "hom": -0.06353861192570864,
      "het": -0.043010752688172005
    },
    {
      "k": 0.6,
      "hom": -0.045943304007820096,
      "het": -0.043010752688172005
    }
  ],
  "answers": {
    "Q1_heterogeneous_amp": "True",
    "Q2_asymmetric_destab": "True",
    "Q3_delay_saturation": "False",
    "Q4_topology_preserved": "True",
    "Q5_stability_survives": "True"
  }
}