{
  "phase": "M2",
  "mean_mutual_modeling": 0.429003208451216,
  "mean_external_prediction": 0.6916449758845918,
  "mean_reciprocal_reconstruction": 0.8782947138000873
}