{
  "phase": "M5",
  "n_ensembles": 2000,
  "mean_collective_closure": 0.3757208211638765,
  "mean_distributed_continuity": 0.8235077472212029,
  "mean_network_stabilization": 0.30773035885744066,
  "mean_distributed_identity": 0.168482446178745
}