{
  "rb_C_values": {
    "original": 0.7454744723771929,
    "zscore": 0.7454744673345145,
    "rank": 0.7655082220609575,
    "minmax": 0.74547446389634
  },
  "am_C_values": {
    "original": 0.7715787115345453,
    "zscore": 0.7715787114917987,
    "rank": 0.7328029267564775,
    "minmax": 0.77157871071776
  },
  "rb_delta_C": {
    "original": 0.0,
    "zscore": 5.042678385969168e-09,
    "rank": 0.02003374968376459,
    "minmax": 8.480852908832048e-09
  },
  "am_delta_C": {
    "original": 0.0,
    "zscore": 4.2746584050235015e-11,
    "rank": 0.03877578477806776,
    "minmax": 8.167853060569996e-10
  }
}