{
  "original": {
    "C": 0.8267647861304763
  },
  "zscore": {
    "C": 0.8267647861188746
  },
  "rank": {
    "C": 0.8003905877961565
  },
  "minmax": {
    "C": 0.826764785955822
  }
}