{
  "gray_scott_reaction_diffusion": {
    "original": {
      "C": 0.7541016698354388
    },
    "zscore": {
      "C": 0.7541017970101206
    },
    "rank": {
      "C": 0.5735702203972755
    },
    "minmax": {
      "C": 0.7541016543184917
    }
  },
  "rayleigh_benard": {
    "original": {
      "C": 0.8235145634189617
    },
    "zscore": {
      "C": 0.8235145627875263
    },
    "rank": {
      "C": 0.8144309766647179
    },
    "minmax": {
      "C": 0.8235145641972831
    }
  },
  "active_matter": {
    "original": {
      "C": 0.8267647861304763
    },
    "zscore": {
      "C": 0.8267647861188746
    },
    "rank": {
      "C": 0.8003905877961565
    },
    "minmax": {
      "C": 0.826764785955822
    }
  },
  "rayleigh_taylor_instability": {
    "original": {
      "C": 0.8270821768397745
    },
    "zscore": {
      "C": 0.8270821766992514
    },
    "rank": {
      "C": 0.8262273118476069
    },
    "minmax": {
      "C": 0.8270821768611941
    }
  },
  "MHD_64": {
    "original": {
      "C": 0.5597023549379873
    },
    "zscore": {
      "C": 0.5597023503184981
    },
    "rank": {
      "C": 0.551537923762756
    },
    "minmax": {
      "C": 0.5597023554592636
    }
  },
  "acoustic_scattering_discontinuous": {
    "original": {
      "C": 0.0
    },
    "zscore": {
      "C": 0.0
    },
    "rank": {
      "C": 0.0
    },
    "minmax": {
      "C": 0.0
    }
  }
}