{
  "original": {
    "C": 0.7541016698354388
  },
  "zscore": {
    "C": 0.7541017970101206
  },
  "rank": {
    "C": 0.5735702203972755
  },
  "minmax": {
    "C": 0.7541016543184917
  }
}