{
  "original": {
    "C": 0.8235145634189617
  },
  "zscore": {
    "C": 0.8235145627875263
  },
  "rank": {
    "C": 0.8144309766647179
  },
  "minmax": {
    "C": 0.8235145641972831
  }
}