phase,explained_variance,silhouette,distance_stability_corr,verdict
510,"[0.43348233436043343, 0.3051738210733351, 0.10717814672141258, 0.09780495343774777, 0.05636074440707107]",-1.0,-0.32352844645813733,HIGH-DIMENSIONAL-STATE-SPACE
