{
  "legitimate": {
    "stable_hierarchy": {
      "is_adversarial": true,
      "attack_type": "non_replay",
      "drift": 0.9556337498151841,
      "anti_replay_score": 0.0,
      "transition_variance": 0.25359775833797304,
      "phase_instability": 0.13242969626590975,
      "coherence_collapse": 0.7857754402504572,
      "anti_camouflage_score": -9.10787861574478
    },
    "random_temporal": {
      "is_adversarial": true,
      "attack_type": "non_replay",
      "drift": 1.1905553194902412,
      "anti_replay_score": 0.0,
      "transition_variance": 0.06575250619974066,
      "phase_instability": 0.09972260796581811,
      "coherence_collapse": 0.3405087896501663,
      "anti_camouflage_score": -4.086358016663193
    },
    "perturb_recover": {
      "is_adversarial": true,
      "attack_type": "non_replay",
      "drift": 0.12020332062689643,
      "anti_replay_score": 0.5993222645770119,
      "transition_variance": 0.006632856782660966,
      "phase_instability": 0.0013361480345926682,
      "coherence_collapse": 0.004167195912059163,
      "anti_camouflage_score": -98.31990365834149
    }
  },
  "adversarial": {
    "delayed_random_coherence": {
      "is_adversarial": true,
      "attack_type": "non_replay",
      "drift": 1.1628311891999397,
      "anti_replay_score": 0.0,
      "transition_variance": 0.05572678088786149,
      "phase_instability": 0.10249284560655231,
      "coherence_collapse": 0.3244006531208377,
      "anti_camouflage_score": -3.5280470999660194
    },
    "temporal_camouflage": {
      "is_adversarial": true,
      "attack_type": "non_replay",
      "drift": 1.133681112615099,
      "anti_replay_score": 0.0,
      "transition_variance": 0.13799227237525985,
      "phase_instability": 0.07753237520898554,
      "coherence_collapse": 0.2983656063626574,
      "anti_camouflage_score": -0.2505000377154145
    },
    "phase_shift_replay": {
      "is_adversarial": true,
      "attack_type": "non_replay",
      "drift": 1.1330256808169394,
      "anti_replay_score": 0.0,
      "transition_variance": 0.03974987951002469,
      "phase_instability": 0.06958257156905816,
      "coherence_collapse": 0.24627548047043463,
      "anti_camouflage_score": -2.292137040657466
    }
  },
  "false_positive_rate": 1.0,
  "detection_rate": 1.0
}