{
  "results": {
    "chirp": {
      "replay": 10.000309648940302,
      "stitch": 5.00013298097283,
      "reverse": 16.000624404292143,
      "adv": 13.000441686666738,
      "corr": 0.8032218859079848,
      "gate": true
    },
    "rw_trend": {
      "replay": 8.008606212015675,
      "stitch": 11.000000116470034,
      "reverse": 17.000000176765973,
      "adv": 6.010504653775357,
      "corr": 0.9952651230431626,
      "gate": false
    },
    "regime_switch": {
      "replay": 58.006615256509406,
      "stitch": 26.00005797831538,
      "reverse": 122.00189476066328,
      "adv": 62.005892835216905,
      "corr": 0.9889948625799558,
      "gate": false
    },
    "chaotic_logistic": {
      "replay": 0.03330199470979979,
      "stitch": 4.000015764102386,
      "reverse": 5.000329976874153,
      "adv": 5.646966824392724,
      "corr": 0.4176874187809459,
      "gate": false
    },
    "coupled_osc": {
      "replay": 1.0064987738378675,
      "stitch": 3.0000017530153937,
      "reverse": 2.0000000000382823,
      "adv": 4.002198488098646,
      "corr": 0.9910777843925482,
      "gate": false
    }
  },
  "global_maxcorr": 0.9444912345354907,
  "gate_rate": 0.2
}