{
  "results": {
    "chirp": {
      "replay": 9.195524896406278,
      "stitch": 22.07677820439253,
      "reverse": 22.167417551600643,
      "adv": 21.222308176265372,
      "corr": NaN,
      "gate": false,
      "metrics": {
        "base": [
          0.060212908997293355,
          21.21243737464246,
          0.0004923342850556934,
          0.0
        ],
        "replay": [
          0.024646674589853753,
          12.01698736800977,
          0.011091339739793695,
          0.0
        ],
        "stitch": [
          0.06014301101795533,
          -0.8643408296394163,
          0.0004923342850556997,
          0.0
        ],
        "reverse": [
          0.06022433214345331,
          -0.9549801769552386,
          0.0004923342850556925,
          0.0
        ],
        "adv": [
          0.6713977553754621,
          0.02174673484512056,
          0.9840814864940246,
          0.0
        ]
      }
    },
    "rw_trend": {
      "replay": 0.31314031572646245,
      "stitch": 1.447770855206862,
      "reverse": 1.1147097721319612,
      "adv": 1.2514601889427504,
      "corr": NaN,
      "gate": false,
      "metrics": {
        "base": [
          0.0006698062551369852,
          -0.4125210688585919,
          0.03271375225563779,
          0.0
        ],
        "replay": [
          0.12313750670698755,
          -0.7007192020769591,
          0.0321173557829527,
          0.0
        ],
        "stitch": [
          0.00526392179897016,
          1.03524249722835,
          0.0327137522556378,
          0.0
        ],
        "reverse": [
          0.0006700721258404049,
          0.7021887032733375,
          0.03271375225563778,
          0.0
        ],
        "adv": [
          0.7589181660903548,
          -0.0008656684954451761,
          0.9392190532151434,
          0.0
        ]
      }
    },
    "regime_switch": {
      "replay": 0.35060933581101167,
      "stitch": 22.761096889365113,
      "reverse": 226.10268314274802,
      "adv": 1.2636390877352293,
      "corr": NaN,
      "gate": false,
      "metrics": {
        "base": [
          0.43894130948400445,
          -0.995577317234905,
          0.3071395331132454,
          0.0
        ],
        "replay": [
          0.6644623898149516,
          -0.7309753124668824,
          0.3524487789350925,
          0.0
        ],
        "stitch": [
          0.4342957165246006,
          21.765519098042027,
          0.30713953311324543,
          0.0
        ],
        "reverse": [
          0.4389297979978337,
          225.10710582551283,
          0.30713953311324543,
          0.0
        ],
        "adv": [
          0.5979492224252585,
          0.01117441146272162,
          1.0541008336092816,
          0.0
        ]
      }
    },
    "chaotic_logistic": {
      "replay": 0.16910166733701681,
      "stitch": 0.04374778199393962,
      "reverse": 0.03526483369863765,
      "adv": 20.26466586095829,
      "corr": NaN,
      "gate": false,
      "metrics": {
        "base": [
          21.044928155944184,
          0.01778783917775496,
          1.4708671650304646,
          0.0
        ],
        "replay": [
          20.932508553973605,
          0.09858216119648062,
          1.567972697923653,
          0.0
        ],
        "stitch": [
          21.04386315833554,
          0.06152265608011377,
          1.4708671650304643,
          0.0
        ],
        "reverse": [
          21.044976201239287,
          -0.017476961792081643,
          1.4708671650304643,
          0.0
        ],
        "adv": [
          0.7859871174471058,
          -0.018595763976049527,
          0.9905894449466884,
          0.0
        ]
      }
    },
    "coupled_osc": {
      "replay": 1.1770676384376526,
      "stitch": 17.25902553669111,
      "reverse": 17.395380745294844,
      "adv": 16.439136242248626,
      "corr": NaN,
      "gate": false,
      "metrics": {
        "base": [
          0.00012226853851549834,
          16.45267854045461,
          0.012274171958444553,
          0.0
        ],
        "replay": [
          0.004975853091680795,
          15.275620925728418,
          0.012473644430127911,
          0.0
        ],
        "stitch": [
          0.004726671236647907,
          -0.8063463820498948,
          0.01227417195844457,
          0.0
        ],
        "reverse": [
          0.0001222679216847683,
          -0.942702204840235,
          0.012274171958444574,
          0.0
        ],
        "adv": [
          0.6762285978448663,
          0.051558217694021385,
          0.901843045634785,
          0.0
        ]
      }
    }
  },
  "global_corr": [
    [
      0.9999999999999999,
      -0.11854737152943809,
      0.7915965321244396,
      NaN
    ],
    [
      -0.11854737152943809,
      1.0,
      -0.12060110047869649,
      NaN
    ],
    [
      0.7915965321244396,
      -0.12060110047869649,
      1.0,
      NaN
    ],
    [
      NaN,
      NaN,
      NaN,
      NaN
    ]
  ],
  "metric_std": [
    7.608340833986862,
    44.033124798942225,
    0.5674365309202349,
    0.0
  ],
  "dead_metrics": [
    false,
    false,
    false,
    true
  ]
}