formulation,mean,std,cg_mean,cg_above_median
product,0.07997011505433368,0.09478644481089266,0.13806133645746085,0.9968051118210862
