{
  "num_trajectories": 250,
  "N": 4000,
  "replay_distance": 1828.5386660610948,
  "stitched_distance": 478.93299187040344,
  "reverse_distance": 1472.103589814458,
  "max_metric_corr": 0.6745798131557241,
  "gate_open": true,
  "correlation_matrix": [
    [
      1.0,
      -0.5766409307181285,
      0.5956067384527165,
      0.5464945185455147
    ],
    [
      -0.5766409307181285,
      1.0,
      -0.6745798131557241,
      0.18440615610114142
    ],
    [
      0.5956067384527165,
      -0.6745798131557241,
      1.0,
      -0.08634116894561916
    ],
    [
      0.5464945185455148,
      0.18440615610114142,
      -0.08634116894561915,
      1.0
    ]
  ]
}