{
  "results": {
    "chirp": {
      "replay": 7.578626113176881,
      "stitch": 0.029592765654292294,
      "reverse": 0.00034902724827778897,
      "adv": 17.11740802099285,
      "corr": 0.9479280986191265,
      "gate": false,
      "metrics": {
        "base": [
          0.12931169765470457,
          3.3549678709502445e-05,
          17.70512049292,
          0.001417047657688472
        ],
        "replay": [
          0.09286747097467755,
          9.845160910674113e-05,
          10.126582007337442,
          0.001417047657688472
        ],
        "stitch": [
          0.09975689743123609,
          0.0014734460602576526,
          17.70512049292,
          0.0010020040080160318
        ],
        "reverse": [
          0.12966072490298236,
          3.354967870950412e-05,
          17.705120492919995,
          0.001417047657688472
        ],
        "adv": [
          0.017612514238937293,
          0.01903032144054017,
          0.5880874681066128,
          0.0009701862089697949
        ]
      }
    },
    "rw_trend": {
      "replay": 33.5243372022534,
      "stitch": 0.04357746358533712,
      "reverse": 0.0012585054085254288,
      "adv": 191.15361890791874,
      "corr": 0.9828225240506762,
      "gate": false,
      "metrics": {
        "base": [
          0.18849577073579946,
          0.00023925416272661977,
          244.28683294636238,
          0.0015643782561118233
        ],
        "replay": [
          0.07195181824403077,
          6.785436369349419e-05,
          210.76269832900238,
          0.0008677609256357102
        ],
        "stitch": [
          0.23207296615217232,
          0.00028006922615562947,
          244.28683294636238,
          0.0014170476576884725
        ],
        "reverse": [
          0.18975427614432488,
          0.00023925416272662032,
          244.2868329463624,
          0.0015643782561118233
        ],
        "adv": [
          0.009282474347796055,
          0.01840476697918051,
          53.133298911165106,
          0.001325526708950197
        ]
      }
    },
    "regime_switch": {
      "replay": 3.6333915111246022,
      "stitch": 0.079068390915808,
      "reverse": 0.00014709059386230905,
      "adv": 17.57325975863388,
      "corr": 0.9152009692678233,
      "gate": false,
      "metrics": {
        "base": [
          1.0550408194294072,
          0.3653332726015212,
          24.849554625652782,
          0.001417047657688472
        ],
        "replay": [
          0.08403048250458599,
          0.3882308802078793,
          21.348390791076135,
          0.0008677609256357108
        ],
        "stitch": [
          1.0650350589304287,
          0.2869026875342072,
          24.849554625652775,
          0.0006627633544750962
        ],
        "reverse": [
          1.0551879100232695,
          0.3653332726015206,
          24.849554625652775,
          0.001417047657688472
        ],
        "adv": [
          0.03478738669598406,
          0.040508419392461394,
          7.308943739185686,
          0.001564378256111821
        ]
      }
    },
    "chaotic_logistic": {
      "replay": 0.4479923056342083,
      "stitch": 0.010292183520268873,
      "reverse": 1.60407056262607e-05,
      "adv": 0.8958618440271875,
      "corr": 0.945232533657366,
      "gate": false,
      "metrics": {
        "base": [
          0.02830367405193548,
          0.03249038652611549,
          0.9147052958170087,
          0.001002004008016033
        ],
        "replay": [
          0.015214265100174157,
          0.02251505602523578,
          0.4670155664274296,
          0.0014170476576884734
        ],
        "stitch": [
          0.022836946695240317,
          0.023795053312398694,
          0.9147052958170087,
          0.001661635666510723
        ],
        "reverse": [
          0.02828763334630922,
          0.03249038652611545,
          0.9147052958170087,
          0.001002004008016033
        ],
        "adv": [
          0.00919130471370058,
          0.006001903249742774,
          1.8099714691843425,
          0.0010020040080160261
        ]
      }
    },
    "coupled_osc": {
      "replay": 0.7588771007258132,
      "stitch": 0.017340604961885917,
      "reverse": 0.00012762225205047162,
      "adv": 3.38477392553496,
      "corr": 0.9745445443030617,
      "gate": false,
      "metrics": {
        "base": [
          0.10251120882647706,
          4.004126780622825e-05,
          4.475732248693678,
          0.0015643782561118229
        ],
        "replay": [
          0.023662348791289558,
          2.2693386416214823e-05,
          3.7209625477138264,
          0.0016616356665107212
        ],
        "stitch": [
          0.08517145836670005,
          0.0001290813240371347,
          4.475732248693678,
          0.0014170476576884719
        ],
        "reverse": [
          0.10238358657442659,
          4.004126780622845e-05,
          4.475732248693678,
          0.0015643782561118229
        ],
        "adv": [
          0.02721939162929477,
          0.03668064424458867,
          1.0919942069035065,
          0.0015643782561118246
        ]
      }
    }
  },
  "global_corr": [
    [
      1.0,
      0.7754285499475267,
      0.03242842607226743,
      -0.14511727585617984
    ],
    [
      0.7754285499475267,
      1.0,
      -0.16213539726348786,
      -0.3074331624057529
    ],
    [
      0.03242842607226743,
      -0.16213539726348786,
      1.0,
      0.07179010464298345
    ],
    [
      -0.14511727585617984,
      -0.3074331624057529,
      0.07179010464298345,
      1.0
    ]
  ],
  "metric_std": [
    0.3239698237935729,
    0.12637165782120366,
    83.28132734495,
    0.00028512770426414
  ],
  "dead_metrics": [
    false,
    false,
    false,
    false
  ]
}