phase,gap_corr,gap_p,energy_corr,energy_p,susceptibility_corr,susceptibility_p,variance_corr,variance_p,mean_gap,mean_energy,verdict
533,-0.4049430516950382,0.02383622514455954,-0.15363106207237115,0.4092889148811544,0.10841454340231953,0.5615528575816885,-0.1588908291141729,0.7636694587468535,1.1682943536570236,0.3137962129613727,NONENERGETIC-TAXONOMY
