signal_length,base_replay_corr
64,0.5454911396363002
128,0.7144342913145653
256,0.7126991393573764
512,0.714920616360602
1024,0.7285033477382753
