{
  "mean": 1.0005756616592407,
  "variance": 0.021706081926822662,
  "entropy": 7.08142325111063,
  "component_count": 1.0,
  "power_spectrum_peak": 1.0,
  "power_spectrum_mean": 415808638.7829243
}