seed,pc1,dim95
11,0.9750235701291793,1
23,0.9747819435952995,1
37,0.9715305944845372,1
51,0.9838728877519967,1
79,0.9621250452302728,1
97,0.9609744830548475,1
111,0.9707240034495915,1
123,0.9642596666976896,1
137,0.974542400841186,1
149,0.97710172196313,1
