{
  "mean_half_life_level0": 94.4417045208739,
  "mean_half_life_level3": 95.62765957446808
}