{
  "results": {
    "evolving": 0.7270757870189732,
    "static": 0.08541002867294255,
    "random": 0.4702724241660391,
    "replay": 0.3610048278150417
  },
  "ratio": 2.3794671702182644
}