{
  "decomposition": {
    "eps0.3_r3.8": {
      "within_variance": 3.0187402645847654e-09,
      "between_variance": 1.837580018045334e-09,
      "ratio": 1.6427803061310233,
      "mean_C": 0.8177081127157978,
      "std_C": 6.485302519328692e-05,
      "min_C": 0.817572420987157,
      "max_C": 0.8179099943294543,
      "spread": 0.00033757334229733704,
      "temporal_spread": 0.00023251883189937908,
      "n_trajectories": 3,
      "n_observations": 54
    },
    "eps0.3_r3.9": {
      "within_variance": 2.9846932478183684e-09,
      "between_variance": 1.6445876719661998e-09,
      "ratio": 1.8148580940352026,
      "mean_C": 0.8174465077670616,
      "std_C": 5.733288557931958e-05,
      "min_C": 0.8173638049521986,
      "max_C": 0.8176045482596612,
      "spread": 0.00024074330746259864,
      "temporal_spread": 0.00020894876974604978,
      "n_trajectories": 3,
      "n_observations": 54
    },
    "eps0.3_r4.0": {
      "within_variance": 3.799824720942963e-09,
      "between_variance": 3.186173513127177e-09,
      "ratio": 1.1925981762410351,
      "mean_C": 0.8173147869141092,
      "std_C": 6.194353860329997e-05,
      "min_C": 0.8172417799492363,
      "max_C": 0.8175516919168829,
      "spread": 0.00030991196764662554,
      "temporal_spread": 0.00028196690587778406,
      "n_trajectories": 3,
      "n_observations": 54
    },
    "eps0.5_r3.8": {
      "within_variance": 1.2610482130481556e-08,
      "between_variance": 5.364162579184226e-09,
      "ratio": 2.350876198163132,
      "mean_C": 0.817982996236581,
      "std_C": 0.00011229956830645364,
      "min_C": 0.8177063065766884,
      "max_C": 0.8182536065384172,
      "spread": 0.0005472999617287533,
      "temporal_spread": 0.0004348583822019562,
      "n_trajectories": 3,
      "n_observations": 54
    },
    "eps0.5_r3.9": {
      "within_variance": 6.900825728623383e-09,
      "between_variance": 2.7970633167413796e-09,
      "ratio": 2.46716822151275,
      "mean_C": 0.8175450400038886,
      "std_C": 9.030671172537743e-05,
      "min_C": 0.8174098789985915,
      "max_C": 0.8178031002040759,
      "spread": 0.0003932212054843509,
      "temporal_spread": 0.0003011591582086452,
      "n_trajectories": 3,
      "n_observations": 54
    },
    "eps0.5_r4.0": {
      "within_variance": 5.049469833575327e-09,
      "between_variance": 3.973920346313991e-09,
      "ratio": 1.2706519994189016,
      "mean_C": 0.8173431745415982,
      "std_C": 7.176260562530118e-05,
      "min_C": 0.8172497004290835,
      "max_C": 0.817615385478796,
      "spread": 0.00036568504971246085,
      "temporal_spread": 0.00030637048631291613,
      "n_trajectories": 3,
      "n_observations": 54
    },
    "eps0.7_r3.8": {
      "within_variance": 6.758509608400314e-09,
      "between_variance": 2.5142209362967145e-09,
      "ratio": 2.6881128507167564,
      "mean_C": 0.8180539114274477,
      "std_C": 8.48285041983665e-05,
      "min_C": 0.81785462896761,
      "max_C": 0.8182783136021131,
      "spread": 0.00042368463450315197,
      "temporal_spread": 0.00030442670630537183,
      "n_trajectories": 3,
      "n_observations": 54
    },
    "eps0.7_r3.9": {
      "within_variance": 1.2908329515708644e-08,
      "between_variance": 6.3155606937028815e-09,
      "ratio": 2.0438928769347875,
      "mean_C": 0.8175771871994799,
      "std_C": 0.00012028695179325675,
      "min_C": 0.8174040636261369,
      "max_C": 0.8180336784642024,
      "spread": 0.0006296148380654509,
      "temporal_spread": 0.0004070951710715513,
      "n_trajectories": 3,
      "n_observations": 54
    },
    "eps0.7_r4.0": {
      "within_variance": 9.127899354185907e-09,
      "between_variance": 5.0843755509794315e-09,
      "ratio": 1.7952842512641596,
      "mean_C": 0.8173728250883889,
      "std_C": 9.67929382023911e-05,
      "min_C": 0.8172462631744916,
      "max_C": 0.8177520453678756,
      "spread": 0.0005057821933840412,
      "temporal_spread": 0.00039451632074312865,
      "n_trajectories": 3,
      "n_observations": 54
    },
    "eps0.9_r3.8": {
      "within_variance": 7.340695281243568e-09,
      "between_variance": 4.528357413135108e-09,
      "ratio": 1.6210503305129795,
      "mean_C": 0.8180221919832132,
      "std_C": 9.404957121058426e-05,
      "min_C": 0.817792102495996,
      "max_C": 0.8182951644101979,
      "spread": 0.0005030619142019077,
      "temporal_spread": 0.00035988557442960073,
      "n_trajectories": 3,
      "n_observations": 54
    },
    "eps0.9_r3.9": {
      "within_variance": 1.2194998188345454e-08,
      "between_variance": 1.9564433244416437e-09,
      "ratio": 6.233248894049015,
      "mean_C": 0.8175200683916976,
      "std_C": 0.00011077304627745125,
      "min_C": 0.8172882405799582,
      "max_C": 0.8177913125091089,
      "spread": 0.0005030719291506669,
      "temporal_spread": 0.0003538031537706858,
      "n_trajectories": 3,
      "n_observations": 54
    },
    "eps0.9_r4.0": {
      "within_variance": 8.175245749083368e-09,
      "between_variance": 4.677814977407049e-09,
      "ratio": 1.7476633403775566,
      "mean_C": 0.8172373988239108,
      "std_C": 9.18155834714924e-05,
      "min_C": 0.8170538422231342,
      "max_C": 0.8175638942446911,
      "spread": 0.0005100520215569615,
      "temporal_spread": 0.0003971647980198778,
      "n_trajectories": 3,
      "n_observations": 54
    }
  },
  "summary": {
    "ratio_mean": 2.2390154616131084,
    "ratio_std": 1.279536259335419,
    "ratio_cv": 0.5714727215030357,
    "mean_c_range": [
      0.8172373988239108,
      0.8180539114274477
    ]
  }
}