{
  "legitimate": {
    "stable_hierarchy": {
      "replay_similarity": 0.8266195605347915,
      "novelty_decay": 0.40929895882950684,
      "temporal_entropy": 3.4134051044660825,
      "variance_ratio": 2.358168448055146,
      "anti_replay_score": 0.7481992615268745,
      "is_replay": false
    },
    "random_temporal": {
      "replay_similarity": 0.004506837221698296,
      "novelty_decay": 1.115403833642224,
      "temporal_entropy": 5.604741409739469,
      "variance_ratio": 0.8675270384215256,
      "anti_replay_score": 1.6379750887312348,
      "is_replay": false
    },
    "perturb_recover": {
      "replay_similarity": 0.9893075359320983,
      "novelty_decay": 0.11160689997992695,
      "temporal_entropy": -15.691010593709569,
      "variance_ratio": 8.013761153325595,
      "anti_replay_score": -2.230174576903044,
      "is_replay": true
    }
  },
  "adversarial": {
    "replay_memory_spoof": {
      "replay_similarity": 0.9998917320379249,
      "novelty_decay": 0.011160689997992697,
      "temporal_entropy": -809.1017359200829,
      "variance_ratio": 79.06719399686443,
      "anti_replay_score": -121.2613108393283,
      "is_replay": true
    },
    "delayed_random_coherence": {
      "replay_similarity": 0.007889047213599308,
      "novelty_decay": 1.1153794183886092,
      "temporal_entropy": 5.602720878994252,
      "variance_ratio": 0.8709457983501468,
      "anti_replay_score": 1.6363447673832128,
      "is_replay": false
    },
    "temporal_camouflage": {
      "replay_similarity": -0.04580585436993881,
      "novelty_decay": 1.1376239907408399,
      "temporal_entropy": 4.906452469542748,
      "variance_ratio": 0.8034730741117383,
      "anti_replay_score": 1.560493339679799,
      "is_replay": false
    },
    "phase_shift_replay": {
      "replay_similarity": 0.07969137062228948,
      "novelty_decay": 1.1005898308420416,
      "temporal_entropy": 6.180545290077702,
      "variance_ratio": 0.9282825957940342,
      "anti_replay_score": 1.662612718503739,
      "is_replay": false
    }
  },
  "detection_rate": 0.25,
  "false_positive_rate": 0.3333333333333333
}