{
  "rayleigh_benard": {
    "buoyancy": {
      "mean": 0.14596934616565704,
      "std": 0.19948945939540863,
      "min": 6.364784894685727e-06,
      "max": 0.9988606572151184,
      "frame_diff": 0.006814408116042614,
      "gradient_magnitude": 0.007227170281112194
    },
    "pressure": {
      "mean": -0.004168678540736437,
      "std": 0.03554743900895119,
      "min": -0.07999591529369354,
      "max": 0.03351617231965065,
      "frame_diff": 0.0036971387453377247,
      "gradient_magnitude": 0.000772000988945365
    },
    "velocity_magnitude": {
      "mean": 1.5097585674084257e-05,
      "std": 1.738203536660876e-05,
      "min": 0.0,
      "max": 0.00018440508574713022,
      "frame_diff": 3.1091585697140545e-06,
      "gradient_magnitude": 4.775486104335869e-06
    }
  },
  "active_matter": {
    "concentration": {
      "mean": 1.0,
      "std": 0.006837856490164995,
      "min": 0.9632542133331299,
      "max": 1.0405611991882324,
      "frame_diff": 0.000874463701620698,
      "gradient_magnitude": 0.0007526712724938989
    },
    "velocity_magnitude": {
      "mean": 0.0007889015832915902,
      "std": 0.0003990484692621976,
      "min": 1.097458692811415e-07,
      "max": 0.0027008287142962217,
      "frame_diff": 4.777613503392786e-05,
      "gradient_magnitude": 0.00010506341641303152
    }
  }
}