phase,mean_r2,std_r2,mean_corr,fraction_high_r2,best_projection,best_r2,best_corr,best_cluster_variance,verdict
532,0.7785997448560096,0.20286748842536068,0.8712198605562462,0.4230769230769231,CSR+ADI+RBS,0.9733527029582116,0.9865863889990636,0.004685558032729814,PARTIAL-PROJECTION-DETERMINISM
