{
  "GS": {
    "\u0394C_rank": 0.18053144943816335,
    "C_mean": 0.7541016698354388,
    "N_replications": 1
  },
  "RT": {
    "\u0394C_rank": 0.000854864992167581,
    "C_mean": 0.8270821768397745,
    "N_replications": 1
  },
  "AM": {
    "\u0394C_rank": 0.026374198334319865,
    "C_mean": 0.8267647861304763,
    "N_replications": 1
  },
  "RB": {
    "\u0394C_rank": 0.009083586754243811,
    "C_mean": 0.8235145634189617,
    "N_replications": 1
  },
  "MHD": {
    "\u0394C_rank": 0.0013897494183150727,
    "C_mean": 0.9963933713190521,
    "N_replications": 4
  }
}