{
  "domains": [
    "chirp",
    "random_walk_trend",
    "regime_switching",
    "chaotic_logistic",
    "coupled_oscillator"
  ],
  "failure_vectors": [
    [
      0,
      0,
      0,
      1
    ],
    [
      0,
      0,
      0,
      1
    ],
    [
      0,
      0,
      0,
      0
    ],
    [
      0,
      0,
      0,
      1
    ],
    [
      0,
      0,
      0,
      1
    ]
  ],
  "failure_distance_matrix": [
    [
      0.0,
      0.0,
      0.25,
      0.0,
      0.0
    ],
    [
      0.0,
      0.0,
      0.25,
      0.0,
      0.0
    ],
    [
      0.25,
      0.25,
      0.0,
      0.25,
      0.25
    ],
    [
      0.0,
      0.0,
      0.25,
      0.0,
      0.0
    ],
    [
      0.0,
      0.0,
      0.25,
      0.0,
      0.0
    ]
  ],
  "mean_failure_similarity": 0.92,
  "results": {
    "chirp": {
      "distances": {
        "replay": 65.67477619011483,
        "stitched": 31.21224529563359,
        "reverse": 53.3044582970978,
        "adversarial": 963.2023715480897
      },
      "max_corr": 0.9954006783514415,
      "gate": false,
      "failure_pattern": [
        0,
        0,
        0,
        1
      ],
      "metrics": {
        "evolving": {
          "mass": 86.65520699625422,
          "ngram": 5.445715242510482e-06,
          "phase": 0.059269685459063456,
          "lz": 0.0
        },
        "replay": {
          "mass": 22.5445468717227,
          "ngram": 0.004185788444217206,
          "phase": 14.307057883744847,
          "lz": 0.0
        },
        "stitched": {
          "mass": 62.758042030243836,
          "ngram": 0.0010329436608724624,
          "phase": -20.01882190528568,
          "lz": 0.0
        },
        "reverse": {
          "mass": 33.35074869915642,
          "ngram": 5.445715242510482e-06,
          "phase": 0.05926968545906538,
          "lz": 0.0
        },
        "adversarial": {
          "mass": 1049.8565297735615,
          "ngram": 0.07790284368793166,
          "phase": -1.359986424280927,
          "lz": 0.0
        }
      }
    },
    "random_walk_trend": {
      "distances": {
        "replay": 39.12003929786019,
        "stitched": 15.192398301183662,
        "reverse": 18.83009548866956,
        "adversarial": 20744.481681075078
      },
      "max_corr": 0.9936473670295556,
      "gate": false,
      "failure_pattern": [
        0,
        0,
        0,
        1
      ],
      "metrics": {
        "evolving": {
          "mass": 1054.5345845773545,
          "ngram": 0.0001902466838580812,
          "phase": 1.6617258512409794,
          "lz": 5.0
        },
        "replay": {
          "mass": 1093.3286109651128,
          "ngram": 0.007984747409321908,
          "phase": 1.0285350918366594,
          "lz": 0.0
        },
        "stitched": {
          "mass": 1062.6783250818592,
          "ngram": 0.000858748422629474,
          "phase": -2.8646917488268713,
          "lz": -7.0
        },
        "reverse": {
          "mass": 1070.4899127191513,
          "ngram": 0.0001902466838580813,
          "phase": 1.661725851240961,
          "lz": -5.0
        },
        "adversarial": {
          "mass": 21799.01552624282,
          "ngram": 0.06643953661896004,
          "phase": -0.7200694389276077,
          "lz": 0.0
        }
      }
    },
    "regime_switching": {
      "distances": {
        "replay": 667.5287101946727,
        "stitched": 45.913415412280465,
        "reverse": 286.0929942531685,
        "adversarial": 13014.993075600756
      },
      "max_corr": 0.3289867500423432,
      "gate": true,
      "failure_pattern": [
        0,
        0,
        0,
        0
      ],
      "metrics": {
        "evolving": {
          "mass": 799.0035979981369,
          "ngram": 0.0006514095637041956,
          "phase": -1.8930621350097772,
          "lz": 13.0
        },
        "replay": {
          "mass": 1466.4054105270573,
          "ngram": 0.17137505286273277,
          "phase": -1.2844401564120196,
          "lz": 0.0
        },
        "stitched": {
          "mass": 753.8305113763421,
          "ngram": 0.0009925709417243499,
          "phase": -0.039967489811142606,
          "lz": 5.0
        },
        "reverse": {
          "mass": 1083.912708699679,
          "ngram": 0.0006514095637041957,
          "phase": -1.893062135009783,
          "lz": -13.0
        },
        "adversarial": {
          "mass": 13813.990122745541,
          "ngram": 0.0452775986242785,
          "phase": -0.6615640274642436,
          "lz": 0.0
        }
      }
    },
    "chaotic_logistic": {
      "distances": {
        "replay": 4.861930666155448,
        "stitched": 0.7154041856773051,
        "reverse": 2.1471248851905784,
        "adversarial": 51.14967188050469
      },
      "max_corr": 0.997474336481732,
      "gate": false,
      "failure_pattern": [
        0,
        0,
        0,
        1
      ],
      "metrics": {
        "evolving": {
          "mass": 576.5160299066638,
          "ngram": 4.04059582582444,
          "phase": -1.1162379383891294,
          "lz": 0.0
        },
        "replay": {
          "mass": 571.6546700984262,
          "ngram": 3.970703285027739,
          "phase": -1.142038134047716,
          "lz": 0.0
        },
        "stitched": {
          "mass": 575.8008708293091,
          "ngram": 4.021993678422208,
          "phase": -1.1140924608499612,
          "lz": 0.0
        },
        "reverse": {
          "mass": 574.3689050214732,
          "ngram": 4.040595825824439,
          "phase": -1.1162379383891294,
          "lz": 0.0
        },
        "adversarial": {
          "mass": 525.5184361364144,
          "ngram": 0.10309599276264557,
          "phase": -0.9417151818515316,
          "lz": 0.0
        }
      }
    },
    "coupled_oscillator": {
      "distances": {
        "replay": 14.66439107299288,
        "stitched": 46.00203733176027,
        "reverse": 0.5477421229677564,
        "adversarial": 1224.4915308819684
      },
      "max_corr": 0.9999982055973756,
      "gate": false,
      "failure_pattern": [
        0,
        0,
        0,
        1
      ],
      "metrics": {
        "evolving": {
          "mass": 15.08403540497648,
          "ngram": 0.0,
          "phase": -1.2359417059986353,
          "lz": 0.0
        },
        "replay": {
          "mass": 14.142015960849793,
          "ngram": 5.839515897688801e-05,
          "phase": 13.39816109892762,
          "lz": 0.0
        },
        "stitched": {
          "mass": 16.149966686441545,
          "ngram": 0.0,
          "phase": 44.75374441138925,
          "lz": 0.0
        },
        "reverse": {
          "mass": 14.536293282008725,
          "ngram": 0.0,
          "phase": -1.235941705998636,
          "lz": 0.0
        },
        "adversarial": {
          "mass": 1239.5755615865442,
          "ngram": 0.08207164196054681,
          "phase": -1.3050463182403804,
          "lz": 0.0
        }
      }
    }
  }
}