{
  "protocol": "V2_027_REPLAY_ORTHOGONALIZATION",
  "status": "PASS",
  "replay_collapse_detected": false,
  "ev_replay_distance": 0.21770590013189076,
  "threshold": 0.1,
  "names": [
    "static",
    "evolving",
    "replay",
    "random",
    "burst",
    "shuffled_evolving",
    "cyclic_loop"
  ],
  "vectors": [
    [
      0.9658829168363023,
      0.17403364636602492,
      0.8370743288336926,
      0.07874218039411289,
      0.1262634982027908
    ],
    [
      0.9170557932418923,
      0.14918582631543736,
      0.6549818210837741,
      0.09402354912587692,
      0.44365599024203245
    ],
    [
      0.9287462262696738,
      0.16053382804000618,
      0.6704144055581357,
      0.1334590697786853,
      0.23073090803704058
    ],
    [
      0.40699933711938047,
      0.04822141047213009,
      0.054049469836507685,
      0.03612694521178953,
      0.1934037269759911
    ],
    [
      0.8698763228287614,
      0.06254402440790514,
      0.1834502787263355,
      0.18016883324270294,
      0.5260831942618192
    ],
    [
      0.4091254277654427,
      0.049562908540623306,
      0.06394388997165584,
      0.02894040683758058,
      0.1430611466569748
    ],
    [
      0.9977826536263046,
      0.9261085031494362,
      0.6033549334994849,
      0.16596146020909086,
      0.29698825816030633
    ]
  ],
  "axes": [
    "coherence",
    "fertility",
    "continuity",
    "evolution",
    "irreversibility"
  ],
  "distances": [
    [
      0.0,
      0.3703116225176041,
      0.20795260664077325,
      0.9734635960192582,
      0.7867749081159365,
      0.9622707100131752,
      0.8111800574486792
    ],
    [
      0.3703116225176041,
      0.0,
      0.21770590013189076,
      0.83513430326443,
      0.49627608610764307,
      0.843704268883561,
      0.7996733670525014
    ],
    [
      0.20795260664077325,
      0.21770590013189076,
      0.0,
      0.8219528516793078,
      0.5827662506950155,
      0.8177633786443838,
      0.7751219427244395
    ],
    [
      0.9734635960192582,
      0.83513430326443,
      0.8219528516793078,
      0.0,
      0.6021864362236914,
      0.05186753469458957,
      1.2037582495449786
    ],
    [
      0.7867749081159365,
      0.49627608610764307,
      0.5827662506950155,
      0.6021864362236914,
      0.0,
      0.6295376077156717,
      0.9955450249477684
    ],
    [
      0.9622707100131752,
      0.843704268883561,
      0.8177633786443838,
      0.05186753469458957,
      0.6295376077156717,
      0.0,
      1.203445930480012
    ],
    [
      0.8111800574486792,
      0.7996733670525014,
      0.7751219427244395,
      1.2037582495449786,
      0.9955450249477684,
      1.203445930480012,
      0.0
    ]
  ],
  "ratios": [
    1.1566191301902973,
    1.339993607520881,
    1.5014008687569764,
    0.8777054128009373,
    1.6485412702742284
  ],
  "mean_ratio": 1.3048520579086642,
  "gate": "CLOSED",
  "irreversibility_evolving": 0.44365599024203245,
  "irreversibility_replay": 0.23073090803704058,
  "irreversibility_ratio": 1.922828522577151,
  "cyclic_irreversibility": 0.29698825816030633
}