{
  "results": {
    "chirp": {
      "replay": 5.741463646628875,
      "stitch": 4.54763584613483,
      "reverse": 0.004846694636394311,
      "adv": 0.33729336723293357,
      "corr": 0.9377382407323749,
      "gate": false,
      "metrics": {
        "base": [
          6.20679914367451,
          0.07072030293383308,
          2.237793284010081e-15,
          0.0020040080160320644
        ],
        "replay": [
          0.46543795556399886,
          0.03647855690541239,
          1.0547118733938987e-15,
          2.168404344971009e-19
        ],
        "stitch": [
          1.6594073878569773,
          0.023613995912760245,
          1.97758476261356e-15,
          0.0010020040080160318
        ],
        "reverse": [
          6.211645838310904,
          0.07072030293383308,
          2.237793284010081e-15,
          0.0020040080160320644
        ],
        "adv": [
          5.869744662260445,
          0.05803798709570196,
          1.7763568394002505e-15,
          0.0015030060120240496
        ]
      }
    },
    "rw_trend": {
      "replay": 5.312376989852375,
      "stitch": 9.00132928152398,
      "reverse": 0.0038128281102380868,
      "adv": 10.314869965874562,
      "corr": 0.9734352120539369,
      "gate": false,
      "metrics": {
        "base": [
          14.594236894261464,
          0.00868768601969308,
          7.638334409421077e-14,
          0.0005010020040080161
        ],
        "replay": [
          19.906601150661153,
          0.020308298608825073,
          1.4210854715202004e-14,
          0.0010020040080160318
        ],
        "stitch": [
          5.592908124955599,
          0.005651028717773093,
          7.993605777301127e-14,
          0.0005010020040080166
        ],
        "reverse": [
          14.590424066151225,
          0.00868768601969308,
          7.638334409421077e-14,
          0.0005010020040080161
        ],
        "adv": [
          4.2793671897446,
          0.006365673676369671,
          0.0,
          0.0005010020040080165
        ]
      }
    },
    "regime_switch": {
      "replay": 3.357797043822752,
      "stitch": 7.5658728434811335,
      "reverse": 0.004067477791111607,
      "adv": 3.6921170094131246,
      "corr": 0.9368448652039615,
      "gate": false,
      "metrics": {
        "base": [
          6.102683848641933,
          0.42831581374856753,
          7.105427357601002e-15,
          0.0010020040080160324
        ],
        "replay": [
          9.457889577515825,
          0.5602078318414863,
          5.329070518200751e-15,
          0.001002004008016033
        ],
        "stitch": [
          13.666036476320127,
          0.23305212253431534,
          1.7763568394002505e-15,
          0.0
        ],
        "reverse": [
          6.098616370850821,
          0.42831581374856753,
          7.105427357601002e-15,
          0.0010020040080160324
        ],
        "adv": [
          2.429445179182397,
          0.05542784480635635,
          0.0,
          0.0015030060120240565
        ]
      }
    },
    "chaotic_logistic": {
      "replay": 0.11045101765286962,
      "stitch": 0.016617541106013854,
      "reverse": 0.00047759450167106365,
      "adv": 13.734136174642247,
      "corr": 0.8901013965067247,
      "gate": false,
      "metrics": {
        "base": [
          19.796022252025146,
          0.021548032132115827,
          0.0,
          0.001002004008016033
        ],
        "replay": [
          19.68780323800681,
          0.04361765590375832,
          1.7763568394002505e-15,
          0.002004008016032066
        ],
        "stitch": [
          19.782306432917622,
          0.030929875161058953,
          1.7763568394002505e-15,
          0.001002004008016033
        ],
        "reverse": [
          19.795544657523475,
          0.021548032132115827,
          0.0,
          0.001002004008016033
        ],
        "adv": [
          6.061886732333474,
          0.017336220491231874,
          0.0,
          0.0015030060120240496
        ]
      }
    },
    "coupled_osc": {
      "replay": 2.7172911210717983,
      "stitch": 2.0028078036340426,
      "reverse": 8.15911771123723e-06,
      "adv": 3.5269810413051412,
      "corr": 0.9661538280660383,
      "gate": false,
      "metrics": {
        "base": [
          2.89702323862664,
          0.00021101800666369856,
          2.636779683484747e-16,
          0.00250501002004008
        ],
        "replay": [
          0.17973216380660564,
          0.0002298860996741486,
          4.510281037539698e-16,
          0.0030060120240480957
        ],
        "stitch": [
          0.8942155135813014,
          0.0004635910174050125,
          1.1518563880486e-15,
          0.002004008016032064
        ],
        "reverse": [
          2.897015079508929,
          0.00021101800666369856,
          2.636779683484747e-16,
          0.00250501002004008
        ],
        "adv": [
          6.423338645122197,
          0.06871401510095931,
          3.552713678800501e-15,
          0.001002004008016033
        ]
      }
    }
  },
  "global_corr": [
    [
      0.9999999999999999,
      -0.016823476330399264,
      0.18890357486588366,
      -0.3137503226776317
    ],
    [
      -0.016823476330399264,
      1.0,
      -0.14066997465836897,
      -0.21226859152229194
    ],
    [
      0.18890357486588363,
      -0.14066997465836897,
      0.9999999999999999,
      -0.3913345555188357
    ],
    [
      -0.3137503226776317,
      -0.2122685915222919,
      -0.3913345555188357,
      1.0
    ]
  ],
  "metric_std": [
    6.7608727761216825,
    0.15043979529442214,
    2.461126508200684e-14,
    0.0007646807225787141
  ],
  "dead_metrics": [
    false,
    false,
    true,
    false
  ]
}