{
  "spec_pc1": 0.99986122142808,
  "tau": [
    -0.0021236013181624696,
    0.9999743882009327,
    0.002023873322712808,
    -0.006528184769540454
  ],
  "similarity_matrix": [
    [
      1.0,
      0.9992082218236785,
      -0.001529814013289911,
      0.0
    ],
    [
      0.9992082218236785,
      1.0,
      0.03787965592609714,
      0.0
    ],
    [
      -0.001529814013289911,
      0.03787965592609714,
      1.0,
      0.0
    ],
    [
      0.0,
      0.0,
      0.0,
      0.0
    ]
  ],
  "projection_scores": {
    "R": 0.9999869979552941,
    "S": 0.9989938431597962,
    "W": -0.006628514179405417,
    "V": 0.0
  },
  "projection_family": [
    "R",
    "S"
  ],
  "symmetry_family": [
    "W",
    "V"
  ],
  "eigenvalues": [
    1.9998692205410404,
    1.000115822771011,
    1.4956687949263525e-05,
    0.0
  ],
  "spectral_gap": 1.999637596977165,
  "checks": {
    "H1_lowrank_spectrum": true,
    "H2_projection_family": true,
    "H3_symmetry_family": true,
    "H4_spectral_gap": false
  }
}