{
  "Calais_0713_2_MEC_FRtensor": {
    "real": {
      "alpha": 0.05172744060229555,
      "PR": 28.935874170742952,
      "LC": -1.3113381815991398,
      "N": 69
    },
    "null_mean": {
      "alpha": 0.013619320180940237,
      "PR": 64.20255727272124,
      "LC": -1.3699185972812347
    },
    "null_std": {
      "alpha": 0.0004159877544167541,
      "PR": 0.14230674656638018,
      "LC": 0.00526447009237725
    },
    "d_alpha": 91.60875534614173,
    "d_PR": -247.8215822714199,
    "T": 4560,
    "N": 69,
    "elapsed_s": 20.5
  },
  "Goa_1207_1_MEC_FRtensor": {
    "real": {
      "alpha": 0.06147791728433506,
      "PR": 29.690095968197753,
      "LC": -1.3108876631513684,
      "N": 63
    },
    "null_mean": {
      "alpha": 0.027125838546423486,
      "PR": 50.075096171995135,
      "LC": -1.3425078099657282
    },
    "null_std": {
      "alpha": 0.0008999354003963714,
      "PR": 0.36898535364274904,
      "LC": 0.010581831987536301
    },
    "d_alpha": 38.17171623961164,
    "d_PR": -55.246095820741175,
    "T": 1200,
    "N": 63,
    "elapsed_s": 15.9
  },
  "Goa_1209_1_MEC_FRtensor": {
    "real": {
      "alpha": 0.04038005723444623,
      "PR": 30.79845628351144,
      "LC": -1.3093399102523438,
      "N": 106
    },
    "null_mean": {
      "alpha": 0.02123622109593183,
      "PR": 73.721730413424,
      "LC": -1.314643292372316
    },
    "null_std": {
      "alpha": 0.00042288340466522476,
      "PR": 0.4486036481814294,
      "LC": 0.010021859722517767
    },
    "d_alpha": 45.269773954997355,
    "d_PR": -95.6819551154275,
    "T": 1200,
    "N": 106,
    "elapsed_s": 26.1
  },
  "Goa_1209_1_MEC_FRtensor_18c25cb3": {
    "real": {
      "alpha": 0.02099850082323866,
      "PR": 57.41529251648019,
      "LC": -1.304257067584645,
      "N": 165
    },
    "null_mean": {
      "alpha": 0.00393416983866509,
      "PR": 159.542724512,
      "LC": -1.3261350843462436
    },
    "null_std": {
      "alpha": 4.2583953026061166e-05,
      "PR": 0.05827563839975891,
      "LC": 0.0014764956178365163
    },
    "d_alpha": 400.7220976908904,
    "d_PR": -1752.4892871176564,
    "T": 24000,
    "N": 165,
    "elapsed_s": 236.4
  },
  "Goa_1210_1_MEC_FRtensor": {
    "real": {
      "alpha": 0.014912741589052403,
      "PR": 90.6066588511426,
      "LC": -1.3020999987933966,
      "N": 258
    },
    "null_mean": {
      "alpha": 0.003134485794656105,
      "PR": 244.86531169247274,
      "LC": -1.3209476538175589
    },
    "null_std": {
      "alpha": 2.2520685951356542e-05,
      "PR": 0.09195535426102247,
      "LC": 0.005778214249946638
    },
    "d_alpha": 522.9972044295937,
    "d_PR": -1677.5385629362581,
    "T": 24000,
    "N": 258,
    "elapsed_s": 384.6
  },
  "Goa_1210_1_MEC_FRtensor_90a0e9b0": {
    "real": {
      "alpha": 0.02824876158182736,
      "PR": 53.1172085531478,
      "LC": -1.3057943975232142,
      "N": 192
    },
    "null_mean": {
      "alpha": 0.01627832960225178,
      "PR": 106.76742195500205,
      "LC": -1.3094610929197206
    },
    "null_std": {
      "alpha": 0.0001593422699775223,
      "PR": 0.5379819970486822,
      "LC": 0.004432570233398748
    },
    "d_alpha": 75.12402064602315,
    "d_PR": -99.72492331746079,
    "T": 1200,
    "N": 192,
    "elapsed_s": 51.8
  },
  "Goa_1211_1_MEC_FRtensor": {
    "real": {
      "alpha": 0.032293634318021104,
      "PR": 38.663118835504086,
      "LC": -1.3175180158939885,
      "N": 137
    },
    "null_mean": {
      "alpha": 0.018844966312474357,
      "PR": 87.41424039128496,
      "LC": -1.311074967572992
    },
    "null_std": {
      "alpha": 0.0003070127191967807,
      "PR": 0.530087756048569,
      "LC": 0.006009362903820241
    },
    "d_alpha": 43.80492130987832,
    "d_PR": -91.9680203881451,
    "T": 1200,
    "N": 137,
    "elapsed_s": 51.5
  },
  "Goa_1211_1_MEC_FRtensor_a16d6c04": {
    "real": {
      "alpha": 0.01652143687900483,
      "PR": 74.95298881345694,
      "LC": -1.305818425206566,
      "N": 204
    },
    "null_mean": {
      "alpha": 0.003534863313907738,
      "PR": 195.69857230212472,
      "LC": -1.3221116089080334
    },
    "null_std": {
      "alpha": 3.071410897132228e-05,
      "PR": 0.07970892140573511,
      "LC": 0.013327348456319579
    },
    "d_alpha": 422.82110730357306,
    "d_PR": -1514.831481335037,
    "T": 24000,
    "N": 204,
    "elapsed_s": 465.4
  },
  "Hanover_0615_2_MEC_FRtensor": {
    "real": {
      "alpha": 0.04393954172315257,
      "PR": 29.57380419339074,
      "LC": -1.339854462638552,
      "N": 72
    },
    "null_mean": {
      "alpha": 0.005927354955581918,
      "PR": 70.94819431582647,
      "LC": -1.3534299005875687
    },
    "null_std": {
      "alpha": 0.0001766611015791531,
      "PR": 0.033768111583390555,
      "LC": 0.002671676172125039
    },
    "d_alpha": 215.17009929058588,
    "d_PR": -1225.2503377413161,
    "T": 24000,
    "N": 72,
    "elapsed_s": 59.8
  },
  "Kerala_1207_1_MEC_FRtensor": {
    "real": {
      "alpha": 0.020390154755647094,
      "PR": 58.46202626300763,
      "LC": -1.3095529326746778,
      "N": 227
    },
    "null_mean": {
      "alpha": 0.0033490325709625408,
      "PR": 216.77453727671798,
      "LC": -1.3074326068928332
    },
    "null_std": {
      "alpha": 3.263411156033211e-05,
      "PR": 0.08728531062253392,
      "LC": 0.009917644109563254
    },
    "d_alpha": 522.187409734746,
    "d_PR": -1813.736009926506,
    "T": 24000,
    "N": 227,
    "elapsed_s": 533.2
  },
  "Kerala_1207_1_MEC_FRtensor_a631b804": {
    "real": {
      "alpha": 0.03839324391902196,
      "PR": 30.260056174799868,
      "LC": -1.3070087472713667,
      "N": 165
    },
    "null_mean": {
      "alpha": 0.01739875045914151,
      "PR": 97.91465289487964,
      "LC": -1.3092030733944353
    },
    "null_std": {
      "alpha": 0.00020893360147018048,
      "PR": 0.4923846501672478,
      "LC": 0.0045773958197473045
    },
    "d_alpha": 100.48404522848776,
    "d_PR": -137.40192082978135,
    "T": 1200,
    "N": 165,
    "elapsed_s": 83.0
  },
  "Kerala_1208_1_MEC_FRtensor": {
    "real": {
      "alpha": 0.036806051458280906,
      "PR": 45.684142214953994,
      "LC": -1.3087044487049821,
      "N": 153
    },
    "null_mean": {
      "alpha": 0.017995518194239953,
      "PR": 93.4962174818361,
      "LC": -1.3119166446558161
    },
    "null_std": {
      "alpha": 0.00020853001345078146,
      "PR": 0.44196486601533996,
      "LC": 0.005726986550265898
    },
    "d_alpha": 90.20539994584871,
    "d_PR": -108.18071512775546,
    "T": 1200,
    "N": 153,
    "elapsed_s": 63.2
  },
  "Kerala_1209_1_MEC_FRtensor": {
    "real": {
      "alpha": 0.0479853164389797,
      "PR": 22.03040986130845,
      "LC": -1.3112544034457245,
      "N": 98
    },
    "null_mean": {
      "alpha": 0.02204431394991811,
      "PR": 69.76942864232369,
      "LC": -1.3205003728370346
    },
    "null_std": {
      "alpha": 0.000480046825545017,
      "PR": 0.4617063021775756,
      "LC": 0.008286113542409816
    },
    "d_alpha": 54.03848355753566,
    "d_PR": -103.39693990716736,
    "T": 1200,
    "N": 98,
    "elapsed_s": 28.2
  },
  "Kerala_1210_2_MEC_FRtensor": {
    "real": {
      "alpha": 0.07436387602274566,
      "PR": 14.58733406974428,
      "LC": -1.3529633409098685,
      "N": 46
    },
    "null_mean": {
      "alpha": 0.031766739083281086,
      "PR": 38.712751155694654,
      "LC": -1.340679839901493
    },
    "null_std": {
      "alpha": 0.0014458941939626748,
      "PR": 0.2670651288018111,
      "LC": 0.010970428057190925
    },
    "d_alpha": 29.460756615061285,
    "d_PR": -90.33533203750399,
    "T": 1200,
    "N": 46,
    "elapsed_s": 11.1
  },
  "Kerala_1211_1_MEC_FRtensor": {
    "real": {
      "alpha": 0.044001488598286724,
      "PR": 25.26403573974502,
      "LC": -1.3128293687831576,
      "N": 113
    },
    "null_mean": {
      "alpha": 0.020668485861291552,
      "PR": 76.97099797760599,
      "LC": -1.3142760128980515
    },