{
  "Calais_0713_2_MEC_FRtensor": {
    "real": {
      "alpha": 0.05172744060229555,
      "PR": 28.935874170742952,
      "LC": -1.3113381815991398,
      "N": 69
    },
    "shuffled_mean": {
      "alpha": 0.03267590521524843,
      "PR": 46.581745535401645
    },
    "shuffled_std": {
      "alpha": 0.0006944086230814377,
      "PR": 0.5493455852611365
    },
    "d_alpha": 27.435626162742555,
    "d_PR": -32.12162223215203,
    "T": 4560,
    "N": 69,
    "elapsed_s": 60.7
  },
  "Goa_1207_1_MEC_FRtensor": {
    "real": {
      "alpha": 0.06147791728433506,
      "PR": 29.690095968197753,
      "LC": -1.3108876631513684,
      "N": 63
    },
    "shuffled_mean": {
      "alpha": 0.03883812725019079,
      "PR": 43.01461790108806
    },
    "shuffled_std": {
      "alpha": 0.0010196116601723126,
      "PR": 0.4170706115983027
    },
    "d_alpha": 22.204326331770456,
    "d_PR": -31.947880196660037,
    "T": 1200,
    "N": 63,
    "elapsed_s": 36.5
  },
  "Goa_1209_1_MEC_FRtensor": {
    "real": {
      "alpha": 0.04038005723444623,
      "PR": 30.79845628351144,
      "LC": -1.3093399102523438,
      "N": 106
    },
    "shuffled_mean": {
      "alpha": 0.03406199184896488,
      "PR": 45.44944164091538
    },
    "shuffled_std": {
      "alpha": 0.0004609190312460768,
      "PR": 0.3840485788147609
    },
    "d_alpha": 13.70753854185779,
    "d_PR": -38.14878160106559,
    "T": 1200,
    "N": 106,
    "elapsed_s": 48.5
  },
  "Goa_1209_1_MEC_FRtensor_18c25cb3": {
    "real": {
      "alpha": 0.02099850082323866,
      "PR": 57.41529251648019,
      "LC": -1.304257067584645,
      "N": 165
    },
    "shuffled_mean": {
      "alpha": 0.014597448668711403,
      "PR": 91.46356527032947
    },
    "shuffled_std": {
      "alpha": 9.072345149808071e-05,
      "PR": 0.6533405328059184
    },
    "d_alpha": 70.55565070364055,
    "d_PR": -52.11412891776557,
    "T": 24000,
    "N": 165,
    "elapsed_s": 562.6
  },
  "Goa_1210_1_MEC_FRtensor": {
    "real": {
      "alpha": 0.014912741589052403,
      "PR": 90.6066588511426,
      "LC": -1.3020999987933966,
      "N": 258
    },
    "shuffled_mean": {
      "alpha": 0.009364439504719073,
      "PR": 136.87402370157076
    },
    "shuffled_std": {
      "alpha": 3.8747970349651386e-05,
      "PR": 0.6717947344734367
    },
    "d_alpha": 143.18948926271304,
    "d_PR": -68.87128236676826,
    "T": 24000,
    "N": 258,
    "elapsed_s": 1288.2
  },
  "Goa_1210_1_MEC_FRtensor_90a0e9b0": {
    "real": {
      "alpha": 0.02824876158182736,
      "PR": 53.1172085531478,
      "LC": -1.3057943975232142,
      "N": 192
    },
    "shuffled_mean": {
      "alpha": 0.02295168325058735,
      "PR": 72.78375819687491
    },
    "shuffled_std": {
      "alpha": 0.00016287634026114118,
      "PR": 0.488216413619753
    },
    "d_alpha": 32.522085913443014,
    "d_PR": -40.28244257073339,
    "T": 1200,
    "N": 192,
    "elapsed_s": 170.8
  },
  "Goa_1211_1_MEC_FRtensor": {
    "real": {
      "alpha": 0.032293634318021104,
      "PR": 38.663118835504086,
      "LC": -1.3175180158939885,
      "N": 137
    },
    "shuffled_mean": {
      "alpha": 0.027151532078988506,
      "PR": 61.238290848510516
    },
    "shuffled_std": {
      "alpha": 0.0003010249310262093,
      "PR": 0.5314943123357398
    },
    "d_alpha": 17.08198128807109,
    "d_PR": -42.47490798875362,
    "T": 1200,
    "N": 137,
    "elapsed_s": 103.7
  },
  "Goa_1211_1_MEC_FRtensor_a16d6c04": {
    "real": {
      "alpha": 0.01652143687900483,
      "PR": 74.95298881345694,
      "LC": -1.305818425206566,
      "N": 204
    },
    "shuffled_mean": {
      "alpha": 0.011172212924697137,
      "PR": 113.530428284619
    },
    "shuffled_std": {
      "alpha": 5.399006591982569e-05,
      "PR": 0.6186366575289298
    },
    "d_alpha": 99.07792967415891,
    "d_PR": -62.35879979252286,
    "T": 24000,
    "N": 204,
    "elapsed_s": 941.1
  },
  "Hanover_0615_2_MEC_FRtensor": {
    "real": {
      "alpha": 0.04393954172315257,
      "PR": 29.57380419339074,
      "LC": -1.339854462638552,
      "N": 72
    },
    "shuffled_mean": {
      "alpha": 0.02769580286821204,
      "PR": 49.69412291901452
    },
    "shuffled_std": {
      "alpha": 0.0004579881899198173,
      "PR": 0.5959890066210595
    },
    "d_alpha": 35.46759329707698,
    "d_PR": -33.75954674012409,
    "T": 24000,
    "N": 72,
    "elapsed_s": 158.1
  },
  "Kerala_1207_1_MEC_FRtensor": {
    "real": {
      "alpha": 0.020390154755647094,
      "PR": 58.46202626300763,
      "LC": -1.3095529326746778,
      "N": 227
    },
    "shuffled_mean": {
      "alpha": 0.009591088492663302,
      "PR": 161.40816042692376
    },
    "shuffled_std": {
      "alpha": 6.990023779336256e-05,
      "PR": 0.5906571031235692
    },
    "d_alpha": 154.49255401544895,
    "d_PR": -174.29085948430412,
    "T": 24000,
    "N": 227,
    "elapsed_s": 1126.6
  },
  "Kerala_1207_1_MEC_FRtensor_a631b804": {
    "real": {
      "alpha": 0.03839324391902196,
      "PR": 30.260056174799868,
      "LC": -1.3070087472713667,
      "N": 165
    },
    "shuffled_mean": {
      "alpha": 0.028124742109717906,
      "PR": 57.90636749314851
    },
    "shuffled_std": {
      "alpha": 0.00021765039007259134,
      "PR": 0.4994019899385196
    },
    "d_alpha": 47.178880799980554,
    "d_PR": -55.35883291484706,
    "T": 1200,
    "N": 165,
    "elapsed_s": 143.7
  },
  "Kerala_1208_1_MEC_FRtensor": {
    "real": {
      "alpha": 0.036806051458280906,
      "PR": 45.684142214953994,
      "LC": -1.3087044487049821,
      "N": 153
    },
    "shuffled_mean": {
      "alpha": 0.024060914229128674,
      "PR": 74.67428474558542
    },
    "shuffled_std": {
      "alpha": 0.0002865887996471215,
      "PR": 0.4785724889050212
    },
    "d_alpha": 44.471860885161576,
    "d_PR": -60.57628301401357,
    "T": 1200,
    "N": 153,
    "elapsed_s": 121.7
  },
  "Kerala_1209_1_MEC_FRtensor": {
    "real": {
      "alpha": 0.0479853164389797,
      "PR": 22.03040986130845,
      "LC": -1.3112544034457245,
      "N": 98
    },
    "shuffled_mean": {
      "alpha": 0.030677182011097523,
      "PR": 54.852308861708046
    },
    "shuffled_std": {
      "alpha": 0.00047512323623916927,
      "PR": 0.5208967972478808
    },
    "d_alpha": 36.428726502379575,
    "d_PR": -63.01036822228825,
    "T": 1200,
    "N": 98,
    "elapsed_s": 64.5
  },
  "Kerala_1210_2_MEC_FRtensor": {
    "real": {
      "alpha": 0.07436387602274566,
      "PR": 14.58733406974428,
      "LC": -1.3529633409098685,
      "N": 46
    },
    "shuffled_mean": {
      "alpha": 0.055045123296944956,
      "PR": 25.351583169998566
    },
    "shuffled_std": {
      "alpha": 0.0017552017724523374,
      "PR": 0.4161203953648651
    },
    "d_alpha": 11.006570884901102,
    "d_PR": -25.868112258270624,
    "T": 1200,
    "N": 46,
    "elapsed_s": 25.7
  },
  "Kerala_1211_1_MEC_FRtensor": {
    "real": {
      "alpha": 0.044001488598286724,
      "PR": 25.26403573974502,
      "LC": -1.3128293687831576,
      "N": 113
    },
    "shuffled_mean": {
      "alpha": 0.033785107790788894,
      "PR": 43.583227876405374
    },
    "shuffled_std": {
      "alpha": 0.0003460982050262179,
      "PR": 0.489474499241943
    },
    "d_alpha": 29.518733871283473,
    "d_PR": -37.42624419664678,
    "T": 1200,
    "N": 113,
    "elapsed_s": 78.7
  },
  "Kerala_1213_1_MEC_FRtensor": {
    "real": {
      "alpha": 0.034377236567902425,
      "PR": 20.488330920490053,
      "LC": -1.3107236552367445,
      "N": 146
    },
    "shuffled_mean": {
      "alpha": 0.027398578194701168,
      "PR": 58.93443759888782
    },
    "shuffled_std": {
      "alpha": 0.00027062594679863724,
      "PR": 0.477034995893733
    },
    "d_alpha": 25.787100075787702,
    "d_PR": -80.5938914531173,
    "T": 1200,
    "N": 146,
    "elapsed_s": 119.5
  },
  "Mumbai_1125_1_MEC_FRtensor": {
    "real": {
      "alpha": 0.08326419207506482,
      "PR": 17.78803632958918,
      "LC": -1.3833532607845793,