{
  "results": {
    "chirp": {
      "replay": 0.5272052231867151,
      "stitch": 0.39567577950244265,
      "reverse": 0.00017811295530986704,
      "adv": 5.702745767359796,
      "corr": 0.9999178237864615,
      "gate": false,
      "metrics": {
        "base": [
          0.1313582544292914,
          0.15711791163260297,
          1.051568078515389,
          0.0010020040080160322
        ],
        "replay": [
          0.020571245321137473,
          0.08751996799880145,
          1.562281023534575,
          0.0010020040080160322
        ],
        "stitch": [
          0.18789938906595705,
          0.1570796452094196,
          0.6599532548537496,
          0.0005010020040080159
        ],
        "reverse": [
          0.13153636738460125,
          0.15711791163260297,
          1.0515680785153891,
          0.0010020040080160322
        ],
        "adv": [
          5.369385662277084,
          2.235220506429517,
          0.17642936535401668,
          0.001002004008016033
        ]
      }
    },
    "rw_trend": {
      "replay": 31.30664215065428,
      "stitch": 142.89132035776504,
      "reverse": 5.998723651215456e-07,
      "adv": 61.35950625118351,
      "corr": 0.9227512443202631,
      "gate": false,
      "metrics": {
        "base": [
          0.020393627613138295,
          0.0017855310433233683,
          65.71993223132077,
          0.0007515030060120241
        ],
        "replay": [
          0.12483141565306768,
          0.0025444512393267065,
          34.4134642916307,
          0.0005010020040080165
        ],
        "stitch": [
          0.029662821934704764,
          0.0007949189036595748,
          208.6112522847915,
          0.0005010020040080161
        ],
        "reverse": [
          0.020393027740773173,
          0.0017855310433233678,
          65.71993223132075,
          0.0007515030060120241
        ],
        "adv": [
          3.0394582646600394,
          0.004854830521779568,
          4.434744407320333,
          0.001002004008016033
        ]
      }
    },
    "regime_switch": {
      "replay": 5.833269498236275,
      "stitch": 1.870598129697986,
      "reverse": 0.004581037875077576,
      "adv": 11.995060734282017,
      "corr": 0.9835523679084265,
      "gate": false,
      "metrics": {
        "base": [
          0.6534049317035774,
          0.28892272163855987,
          13.126755128160811,
          0.0007515030060120238
        ],
        "replay": [
          1.0921935648377639,
          0.49024101130234005,
          7.313497181365744,
          0.0
        ],
        "stitch": [
          0.6552031069081341,
          0.28880307875331057,
          14.997352372981396,
          0.0005010020040080165
        ],
        "reverse": [
          0.6488238938284998,
          0.2889227216385599,
          13.126755128160816,
          0.0007515030060120238
        ],
        "adv": [
          1.8811998962766596,
          1.3982553373875355,
          1.2463770774013152,
          0.0005010020040080131
        ]
      }
    },
    "chaotic_logistic": {
      "replay": 0.18996238235538532,
      "stitch": 0.08098548697881834,
      "reverse": 0.00047759450167461637,
      "adv": 14.056225825379485,
      "corr": 0.8556697803408396,
      "gate": false,
      "metrics": {
        "base": [
          19.787229959879532,
          0.003522963738013846,
          0.15463824884340896,
          0.0005010020040080165
        ],
        "replay": [
          19.668731674889045,
          0.0032416304031973597,
          0.00616760186901999,
          0.001002004008016033
        ],
        "stitch": [
          19.78009313581649,
          0.002829942682136374,
          0.07397704036452761,
          0.0015030060120240496
        ],
        "reverse": [
          19.786752365377858,
          0.003522963738013845,
          0.15463824884340896,
          0.0005010020040080165
        ],
        "adv": [
          5.731011458836274,
          0.003182841081901343,
          0.14029289032564898,
          0.0005010020040080131
        ]
      }
    },
    "coupled_osc": {
      "replay": 0.10701753849730772,
      "stitch": 0.33739435594149586,
      "reverse": 6.485386593927962e-06,
      "adv": 6.504180812558134,
      "corr": 0.9999956023604278,
      "gate": false,
      "metrics": {
        "base": [
          0.0028439427376466715,
          0.031927326403416986,
          0.25039261888878145,
          0.00125250501002004
        ],
        "replay": [
          0.0017826099717725059,
          0.031972377954886985,
          0.3574045917627946,
          0.0015030060120240479
        ],
        "stitch": [
          0.01964077743427106,
          0.03141641490816642,
          0.5873681283609731,
          0.001002004008016032
        ],
        "reverse": [
          0.0028374573510527436,
          0.03192732640341699,
          0.25039261888878234,
          0.00125250501002004
        ],
        "adv": [
          6.084346794985109,
          2.2682293298189107,
          0.8148784017675084,
          0.0017535070140280579
        ]
      }
    }
  },
  "global_corr": [
    [
      1.0,
      -0.031688181360187875,
      -0.23121049289567067,
      0.06744907366092574
    ],
    [
      -0.031688181360187875,
      1.0,
      -0.17276286821962425,
      0.2180252150926644
    ],
    [
      -0.23121049289567067,
      -0.17276286821962422,
      1.0,
      -0.2608029488588062
    ],
    [
      0.06744907366092574,
      0.21802521509266443,
      -0.26080294885880617,
      0.9999999999999999
    ]
  ],
  "metric_std": [
    7.02927738573972,
    0.6365579508338414,
    43.07572665990988,
    0.00039448937244548194
  ],
  "dead_metrics": [
    false,
    false,
    false,
    false
  ]
}