{
  "tfidf_word": {
    "within": 0.41526023851451277,
    "between": 0.01674068732020306,
    "d": 3.546094259781076,
    "p": 0.0
  },
  "bm25": {
    "within": 0.25313662725728103,
    "between": 0.03136129134286116,
    "d": 2.9824855742398513,
    "p": 0.0
  },
  "char_ngram": {
    "within": 0.6183788888556742,
    "between": 0.14179567341284,
    "d": 4.404947776710653,
    "p": 0.0
  },
  "tfidf_bigram": {
    "within": 0.4441894165494014,
    "between": 0.014123316970286827,
    "d": 3.6243801282100954,
    "p": 0.0
  }
}