{"chirp": {"evolving": [194110474.4936599, 0.00043366360698226614, 0.012462295574484358, -1.0], "replay": [124590719.65871571, 0.010687828852585943, 0.00613213842719505, 0.0], "stitched": [193272202.73350623, 0.0014502272682830651, 0.012566509859960304, 1.0], "reverse": [131964725.4852936, 0.0004336636069822655, 0.012462295574484358, -1.0], "adversarial": [8727039072.503317, 0.22238764686446172, 1.0870558337211624, -2.0]}, "random_walk_trend": {"evolving": [12048163043.124577, 0.00031324910639980567, 0.007770973126738489, -19.0], "replay": [12090369440.16259, 0.0032237159799618545, 0.03755631785237194, 0.0], "stitched": [12596621623.313822, 0.000999024789280565, 0.004730702121757609, -4.0], "reverse": [11837931328.680067, 0.00031324910639980567, 0.007770973126738489, 19.0], "adversarial": [221238064314.52887, 0.19117775153893046, 0.9799996464277931, 2.0]}, "regime_switching": {"evolving": [3313448548.533664, 0.004678844592297175, 0.02017766822620329, 12.0], "replay": [119338136.02237856, 0.010687828852585981, 0.006099333303175348, 0.0], "stitched": [5131646386.996819, 0.004678844592297175, 0.02357456629678237, -6.0], "reverse": [3075484933.8822756, 0.00467884459229685, 0.020177668226203285, -10.0], "adversarial": [38988297584.034, 0.07135357117787919, 0.7177270847346032, 2.0]}, "chaotic_logistic": {"evolving": [4497423025.784603, 3.6077612043571126, 0.0002848787227507613, 6.0], "replay": [4304396731.223046, 3.6083409353826177, 0.000582065466084619, 0.0], "stitched": [4439038812.811388, 3.59178084801859, 0.00010700554201435305, -1.0], "reverse": [4404514358.2091055, 3.6077612043571117, 0.0002848787227507617, -4.0], "adversarial": [4186576070.1421475, 0.2136532164994558, -0.00038478788454872944, 1.0]}, "coupled_oscillator": {"evolving": [257788657.91117966, 0.00020312415852848776, 0.012487039673045042, 0.0], "replay": [263610320.88124552, 3.9294407301686946e-05, 0.012557015383140127, 0.0], "stitched": [253744257.82839686, 0.0004911969474374587, 0.01256488222208121, -1.0], "reverse": [258359775.0054827, 0.00020312415852864952, 0.012487039673045042, 2.0], "adversarial": [9797872815.914824, 0.2255670565604133, 1.0680112323693565, 0.0]}}