transfer,train_cv_mean,train_cv_std,within_view_accuracy,cross_view_transfer_accuracy
view1→view2,0.9333333333333332,0.09428090415820632,1.0,0.7857142857142857
view2→view1,0.7833333333333333,0.023570226039551605,1.0,0.9285714285714286
