{
  "ARI_emergence_vs_P0": 0.8246628131021194,
  "silhouette_emergence": 0.47915728366279847,
  "silhouette_original": 0.3516556767466196,
  "axis_correlations": {
    "C": {
      "C": 1.0,
      "F": -0.660593174034338,
      "A": -0.025474907583189987,
      "R": 0.6557283062163979
    },
    "F": {
      "C": -0.660593174034338,
      "F": 1.0,
      "A": -0.1556139505452825,
      "R": -0.7611307157122009
    },
    "A": {
      "C": -0.025474907583189987,
      "F": -0.1556139505452825,
      "A": 1.0,
      "R": -0.19494526397303827
    },
    "R": {
      "C": 0.6557283062163979,
      "F": -0.7611307157122009,
      "A": -0.19494526397303827,
      "R": 1.0
    }
  },
  "cluster_mean_CFFAR": {
    "C": {
      "1": 0.9174927543472755,
      "2": -1.5780842406246147,
      "3": -0.15414076084196174
    },
    "F": {
      "1": -0.9356977605363519,
      "2": 1.0568139581870115,
      "3": 0.48874893773141537
    },
    "A": {
      "1": 0.49364842796316827,
      "2": 0.8974729902680084,
      "3": -1.1308619077166067
    },
    "R": {
      "1": 0.6524231781564472,
      "2": -1.2821922578030431,
      "3": -0.013592459105910625
    }
  },
  "between_cluster_variance": {
    "C": 1.0448797735917001,
    "F": 0.7024276903245656,
    "A": 0.7684722851370411,
    "R": 0.6439621292650132
  },
  "dims_for_90pct_var": 3,
  "axis_eigenvalues": [
    0.16509874393719765,
    0.3750500474299669,
    1.0726976492749414,
    2.3871535593578934
  ]
}