{
  "bandwidth": 0.7190084519372291,
  "potential_per_system": {
    "primes": 3.223122575751448,
    "fibonacci": 3.2522799380679195,
    "modular_arithmetic": 3.397403276404207,
    "additive_recurrence": 3.2701010252015563,
    "lorenz": 4.2199491071131625,
    "logistic_map": 3.043032441115955,
    "henon_map": 3.408159954499009,
    "ising_magnetization": 3.921962161861152,
    "reaction_diffusion": 4.222632913867127,
    "cfg_expansion": 3.190187119468071,
    "lambda_reduction": 3.218772532250713,
    "rewrite_system": 3.260023733027826,
    "iid_gaussian": 3.196876517737857,
    "colored_noise": 3.1844626468442763
  },
  "density_per_system": {
    "primes": 0.03983049015147505,
    "fibonacci": 0.038685905738134616,
    "modular_arithmetic": 0.033460043731892763,
    "additive_recurrence": 0.03800258766116062,
    "lorenz": 0.014699392579388928,
    "logistic_map": 0.04769005272299712,
    "henon_map": 0.033102053656219606,
    "ising_magnetization": 0.01980220147390289,
    "reaction_diffusion": 0.014659995141505167,
    "cfg_expansion": 0.041164167600222845,
    "lambda_reduction": 0.04000413191709417,
    "rewrite_system": 0.0383874869544449,
    "iid_gaussian": 0.04088972304655936,
    "colored_noise": 0.04140048650595145
  },
  "basin_assignment": {
    "primes": 1,
    "fibonacci": 1,
    "modular_arithmetic": 2,
    "additive_recurrence": 1,
    "lorenz": 0,
    "logistic_map": 1,
    "henon_map": 2,
    "ising_magnetization": 0,
    "reaction_diffusion": 0,
    "cfg_expansion": 1,
    "lambda_reduction": 1,
    "rewrite_system": 1,
    "iid_gaussian": 1,
    "colored_noise": 1
  },
  "basin_sizes": {
    "1": 9,
    "2": 2,
    "0": 3
  },
  "basin_persistence_top20": {
    "fibonacci__rewrite_system": 0.01,
    "henon_map__iid_gaussian": 0.01,
    "logistic_map__colored_noise": 0.008,
    "fibonacci__modular_arithmetic": 0.006,
    "modular_arithmetic__additive_recurrence": 0.006,
    "additive_recurrence__colored_noise": 0.006,
    "reaction_diffusion__cfg_expansion": 0.006,
    "reaction_diffusion__iid_gaussian": 0.006,
    "primes__henon_map": 0.004,
    "primes__cfg_expansion": 0.004,
    "primes__lambda_reduction": 0.004,
    "primes__rewrite_system": 0.004,
    "primes__iid_gaussian": 0.004,
    "fibonacci__additive_recurrence": 0.004,
    "modular_arithmetic__rewrite_system": 0.004,
    "additive_recurrence__lambda_reduction": 0.004,
    "additive_recurrence__iid_gaussian": 0.004,
    "henon_map__cfg_expansion": 0.004,
    "henon_map__lambda_reduction": 0.004,
    "reaction_diffusion__colored_noise": 0.004
  },
  "curvature_per_system": {
    "primes": {
      "eigenvalues": [
        0.7424205473420611,
        1.5031384780385608,
        4.719543603980877,
        10.07614598356017
      ],
      "mean_curvature": 4.260312153230418,
      "min_curvature": 0.7424205473420611,
      "max_curvature": 10.07614598356017,
      "basin_sharpness": 17.04124861292167,
      "saddle_index": 0
    },
    "fibonacci": {
      "eigenvalues": [
        0.7393823702148915,
        1.6454398149758687,
        4.464380873196596,
        9.700199853944774
      ],
      "mean_curvature": 4.137350728083033,
      "min_curvature": 0.7393823702148915,
      "max_curvature": 9.700199853944774,
      "basin_sharpness": 16.54940291233213,
      "saddle_index": 0
    },
    "modular_arithmetic": {
      "eigenvalues": [
        0.7595004642130048,
        1.561363694182593,
        4.333085415128571,
        8.4529270947226
      ],
      "mean_curvature": 3.7767191670616924,
      "min_curvature": 0.7595004642130048,
      "max_curvature": 8.4529270947226,
      "basin_sharpness": 15.10687666824677,
      "saddle_index": 0
    },
    "additive_recurrence": {
      "eigenvalues": [
        0.5443474545568884,
        1.4632875965949665,
        3.922212864190417,
        8.777492440067345
      ],
      "mean_curvature": 3.676835088852404,
      "min_curvature": 0.5443474545568884,
      "max_curvature": 8.777492440067345,
      "basin_sharpness": 14.707340355409617,
      "saddle_index": 0
    },
    "lorenz": {
      "eigenvalues": [
        0.751116478613141,
        1.625425191849649,
        4.787215373685391,
        10.862636405916396
      ],
      "mean_curvature": 4.506598362516144,
      "min_curvature": 0.751116478613141,
      "max_curvature": 10.862636405916396,
      "basin_sharpness": 18.026393450064575,
      "saddle_index": 0
    },
    "logistic_map": {
      "eigenvalues": [
        0.4499941180659059,
        1.4259000198548764,
        3.8862480388207943,
        9.062242170688343
      ],
      "mean_curvature": 3.70609608685748,
      "min_curvature": 0.4499941180659059,
      "max_curvature": 9.062242170688343,
      "basin_sharpness": 14.82438434742992,
      "saddle_index": 0
    },
    "henon_map": {
      "eigenvalues": [
        0.4918984619127807,
        1.407103872738113,
        3.206011111437394,
        8.6353868131567
      ],
      "mean_curvature": 3.435100064811247,
      "min_curvature": 0.4918984619127807,
      "max_curvature": 8.6353868131567,
      "basin_sharpness": 13.740400259244987,
      "saddle_index": 0
    },
    "ising_magnetization": {
      "eigenvalues": [
        0.17780128053412314,
        1.2160649972416662,
        4.564025272492042,
        10.57551118139143
      ],
      "mean_curvature": 4.133350682914815,
      "min_curvature": 0.17780128053412314,
      "max_curvature": 10.57551118139143,
      "basin_sharpness": 16.53340273165926,
      "saddle_index": 0
    },
    "reaction_diffusion": {
      "eigenvalues": [
        0.7525133686156583,
        1.6740717173653994,
        4.785150209643129,
        10.879264451332617
      ],
      "mean_curvature": 4.522749936739201,
      "min_curvature": 0.7525133686156583,
      "max_curvature": 10.879264451332617,
      "basin_sharpness": 18.090999746956804,
      "saddle_index": 0
    },
    "cfg_expansion": {
      "eigenvalues": [
        0.7362729146573701,
        1.4583333333244373,
        4.703648708411893,
        9.844171482403047
      ],
      "mean_curvature": 4.185606609699187,
      "min_curvature": 0.7362729146573701,
      "max_curvature": 9.844171482403047,
      "basin_sharpness": 16.74242643879675,
      "saddle_index": 0
    },
    "lambda_reduction": {
      "eigenvalues": [
        0.6195569614451742,
        1.1957467662753207,
        4.605566609443454,
        8.674736039723365
      ],
      "mean_curvature": 3.7739015942218286,
      "min_curvature": 0.6195569614451742,
      "max_curvature": 8.674736039723365,
      "basin_sharpness": 15.095606376887314,
      "saddle_index": 0
    },
    "rewrite_system": {
      "eigenvalues": [
        0.7400297473429241,
        1.6450864939913072,
        4.470731820569863,
        9.708685130597189
      ],
      "mean_curvature": 4.141133298125321,
      "min_curvature": 0.7400297473429241,
      "max_curvature": 9.708685130597189,
      "basin_sharpness": 16.564533192501283,
      "saddle_index": 0
    },
    "iid_gaussian": {
      "eigenvalues": [
        0.21065018917083383,
        1.1977782537711554,
        3.6605918129535944,
        7.5514104117029195
      ],
      "mean_curvature": 3.155107666899626,
      "min_curvature": 0.21065018917083383,
      "max_curvature": 7.5514104117029195,
      "basin_sharpness": 12.620430667598503,
      "saddle_index": 0
    },
    "colored_noise": {
      "eigenvalues": [
        0.45460339601863586,
        1.379967708308985,
        4.05258449827305,
        9.572623837298151
      ],
      "mean_curvature": 3.864944859974705,
      "min_curvature": 0.45460339601863586,
      "max_curvature": 9.572623837298151,
      "basin_sharpness": 15.45977943989882,
      "saddle_index": 0
    }
  },
  "grid_landscapes": {
    "CxF": {
      "grid_size": 32,
      "potential_min": 3.4558397010758,
      "potential_max": 27.62100826706701,
      "basin_center": [
        0.6025898864903532,
        -1.0652587321958842
      ],