system,full_pc1,no_m2_pc1,m2_contribution,temporal_corr,predicted_class
ca_rule30,0.8601070314022871,0.7837884777779348,0.07631855362435225,0.8919744227981885,1
ca_rule110,0.8074536845010316,0.8972735286555577,-0.08981984415452604,0.9926913331198108,1
ca_rule184,0.6628883112413424,0.994577026850938,-0.33168871560959556,0.911937795923159,2
goe_random_matrix,0.7404860284662989,0.5242212957211465,0.21626473274515234,0.8814269181126931,3
lfsr_crypto,0.9824023306826852,0.9890432748126025,-0.006640944129917226,1.0,1
dfa_trace,0.78940429131377,0.7586581208857408,0.030746170428029185,0.9378971994054417,1
