system,alpha,full_pc1,no_m2_pc1,m2_contribution
noise+recurrence_alpha=0.00,0.0,0.929378779880826,0.831145353768417,0.09823342611240893
noise+recurrence_alpha=0.10,0.1,0.9356406192622321,0.8345469736189233,0.1010936456433088
noise+recurrence_alpha=0.30,0.3,0.9578459096958413,0.741088732295109,0.2167571774007323
noise+recurrence_alpha=0.50,0.5,0.9542113851854653,0.6985233334476051,0.25568805173786024
noise+recurrence_alpha=0.70,0.7,0.9734414789944111,0.504899055910265,0.4685424230841462
noise+recurrence_alpha=0.90,0.9,0.9545203179895607,0.7294860049259105,0.22503431306365018
noise+recurrence_alpha=0.99,0.99,0.9616863749239333,0.799245174402638,0.1624412005212953
lorenz_phase_scrambled,-1.0,0.6018654005309776,0.8149811475028179,-0.22181554918595647
