system,full_pc1,no_m2_pc1,m2_only_pc1,m2_contribution,tau_m1,tau_m2,tau_m3,tau_m4,note
logistic_r4.0_REFERENCE,0.6234806115764968,0.9261472961146673,1.0,-0.30266668453817047,0.24089808731602155,0.1941116183711067,0.9509369374965841,0.0027806555792298914,
logistic_r3.5_PERIODIC,0.7212301001574591,0.9588056454536599,1.0,-0.23757554529620073,0.8090619391314288,-0.019540772164731268,0.5404894091738466,-0.23001768506574652,
iid_gaussian_NOISE,0.923117475554373,0.8314889770810331,1.0,0.09162849847333987,0.003400973786271401,0.9993103182731974,0.03556580223083103,-0.010119035611361848,
m2_preserved_others_swapped,0.0,0.0,0.0,0.0,0.0,0.0,0.0,0.0,requires manual analysis — see phaseV_summary.md
