{
  "results": {
    "C*F": {
      "F": 2.3522728801364847,
      "p": 0.1410977804116896,
      "bw_ratio": 0.9486183249349187
    },
    "C/(|F|+\u03b5)": {
      "F": 1.0458173812530809,
      "p": 0.3838781780861588,
      "bw_ratio": 1.2337589239453242
    },
    "F/(|C|+\u03b5)": {
      "F": 2.4003772389863007,
      "p": 0.13643686507798558,
      "bw_ratio": 1.5332752169294057
    },
    "C*F/(|C-F|+\u03b5)": {
      "F": 1.787431902561008,
      "p": 0.21273306133900421,
      "bw_ratio": 0.9052380186232735
    },
    "C*F/(|C+F|+\u03b5)": {
      "F": 2.4275936767478536,
      "p": 0.13388045756452363,
      "bw_ratio": 0.986937580165262
    },
    "power_law": {
      "alpha": 0.08694886033068763,
      "beta": -0.27108230863105126,
      "r2": 0.09162429619609469,
      "alpha_beta_ratio": 86948.86033068763
    }
  },
  "best_function": "C*F/(|C+F|+\u03b5)"
}