{
  "sigmas_tested": [
    0.0,
    0.05,
    0.1,
    0.15,
    0.2,
    0.3,
    0.5,
    0.7,
    1.0,
    1.5,
    2.0,
    3.0
  ],
  "n_trials_per_sigma": 30,
  "collapse_curves": {
    "primes": [
      1.0,
      1.0,
      1.0,
      1.0,
      1.0,
      1.0,
      0.9771929824561404,
      0.9649122807017544,
      0.9771929824561404,
      0.8133388551272424,
      0.6964632832114735,
      0.5306859205776174
    ],
    "fibonacci": [
      1.0,
      1.0,
      0.9669211195928753,
      0.9603053435114504,
      0.9603053435114504,
      0.9419579483058792,
      0.8854158296504621,
      0.8248158564349807,
      0.8130842373108343,
      0.7486771697429473,
      0.5378618533499692,
      0.47426470588235303
    ],
    "modular_arithmetic": [
      1.0,
      0.9933842239185751,
      0.9801526717557252,
      0.9801526717557252,
      0.9287263961430293,
      0.9511316459086648,
      0.8945895272532476,
      0.8457211731619124,
      0.8679575316578129,
      0.6991875777798601,
      0.5289705394242404,
      0.47426470588235303
    ],
    "additive_recurrence": [
      1.0,
      1.0,
      0.994155427103404,
      0.9824662813102119,
      0.988310854206808,
      0.920371222515687,
      0.9040615346973727,
      0.9274398262837569,
      0.8471351458114021,
      0.7219188977233109,
      0.6175665239034801,
      0.483754512635379
    ],
    "lorenz": [
      1.0,
      0.9867684478371501,
      0.9055924165235191,
      0.8937014320944072,
      0.8369574748030704,
      0.7586764680457854,
      0.7681327448996521,
      0.7746012061290615,
      0.7376840090564162,
      0.6895221206658639,
      0.6629851812272756,
      0.665441176470588
    ],
    "logistic_map": [
      1.0,
      1.0,
      1.0,
      1.0,
      1.0,
      1.0,
      0.9543859649122807,
      0.9287068828139713,
      0.8381505304687538,
      0.7909333927532953,
      0.7061289884577702,
      0.6176470588235293
    ],
    "henon_map": [
      1.0,
      1.0,
      1.0,
      1.0,
      1.0,
      1.0,
      0.9896825396825396,
      0.9448689160280276,
      0.8191030100685989,
      0.7687467505262736,
      0.6849431601434347,
      0.6200746965452847
    ],
    "ising_magnetization": [
      1.0,
      0.9544607706148543,
      0.9244667029470452,
      0.9127775571538533,
      0.8413021146609629,
      0.8710943436928523,
      0.8393135576885115,
      0.8367556361671509,
      0.8531144744002706,
      0.8224452214158872,
      0.7831061968879759,
      0.6765862333609249
    ],
    "reaction_diffusion": [
      1.0,
      0.9536895674300254,
      0.9139949109414758,
      0.9007633587786259,
      0.9154948439801794,
      0.8531081524281663,
      0.8887874276876057,
      0.8309779316509576,
      0.8692016107034009,
      0.7764743301900915,
      0.7448548121538695,
      0.7132352941176473
    ],
    "cfg_expansion": [
      1.0,
      1.0,
      1.0,
      1.0,
      1.0,
      1.0,
      0.9771929824561404,
      1.0,
      0.9614035087719299,
      0.8233595763981809,
      0.6089333090045612,
      0.5306859205776174
    ],
    "lambda_reduction": [
      1.0,
      0.9933842239185751,
      0.9867684478371501,
      0.9470737913486005,
      0.9154948439801794,
      0.8971474487746084,
      0.8956475157359046,
      0.861510646846123,
      0.836088027395278,
      0.6248347543299168,
      0.49804116195489967,
      0.47426470588235303
    ],
    "rewrite_system": [
      1.0,
      0.9933842239185751,
      0.9801526717557252,
      0.9669211195928753,
      0.9536895674300254,
      0.9261684746216687,
      0.9195526985402438,
      0.9103790009374583,
      0.8597026918441141,
      0.6964131654368869,
      0.48864351184427174,
      0.47426470588235303
    ],
    "iid_gaussian": [
      1.0,
      1.0,
      1.0,
      1.0,
      1.0,
      0.9896825396825396,
      0.9771929824561403,
      0.9287068828139713,
      0.8268192156692308,
      0.7243367328971402,
      0.5677975015979231,
      0.483754512635379
    ],
    "colored_noise": [
      1.0,
      1.0,
      1.0,
      0.988310854206808,
      0.9766217084136158,
      0.8892711869590483,
      0.872223074367539,
      0.8698176549100963,
      0.84181882129859,
      0.7305192572877569,
      0.5766549968229067,
      0.49753595782476645
    ]
  },
  "collapse_thresholds": {
    "primes": 10.0,
    "fibonacci": 2.0,
    "modular_arithmetic": 2.0,
    "additive_recurrence": 2.0,
    "lorenz": 10.0,
    "logistic_map": 10.0,
    "henon_map": 10.0,
    "ising_magnetization": 10.0,
    "reaction_diffusion": 10.0,
    "cfg_expansion": 10.0,
    "lambda_reduction": 1.5,
    "rewrite_system": 1.5,
    "iid_gaussian": 2.0,
    "colored_noise": 2.0
  },
  "prediction_models": {
    "RandomForest(\u03a6)": {
      "mean_r2": 0.2177623914212928,
      "std_r2": 0.3072110162781004
    },
    "Linear(\u03a6)": {
      "mean_r2": -0.14511531445630788,
      "std_r2": 0.6960476381613331
    },
    "Ridge(\u03a6)": {
      "mean_r2": 0.1133735822406241,
      "std_r2": 0.2418683972839297
    },
    "PCA-baseline": {
      "mean_r2": 0.2504179520432889,
      "std_r2": 0.6285440683017618
    },
    "Null": {
      "mean_r2": -58.70849716653551,
      "std_r2": 105.14106580823933
    }
  },
  "feature_importance": {
    "C": 0.20261067871591365,
    "F": 0.3155419317910199,
    "A": 0.3752387155493744,
    "R": 0.10660867394369208
  }
}