system,C,F,A,R,nearest_reference,nearest_distance
lotka_volterra,-0.8665033684774113,0.9298064031970842,1.0995922865001475,0.18707582521232644,reaction_diffusion,1.8955491358508672
kuramoto,-1.1280357587929402,1.204872000353152,1.101886115046612,0.003916427248744192,reaction_diffusion,1.9302879806973234
poisson_spike,-0.7520199572496022,1.6269514870318982,0.7300507129295809,0.7128654859649902,henon_map,2.3273958172191835
geometric_brownian,-0.9790211831248059,-0.5315940620445776,0.5060889139518326,-0.619804816114624,reaction_diffusion,1.5791270089553757
sandpile,-0.4809249537999115,0.43202650927169034,0.5589799832094146,0.4558766195778852,iid_gaussian,1.5702831356170486
random_boolean_net,-0.8580273661936294,1.7324322764497742,0.6912401673912903,0.8146271106526631,henon_map,2.4032519159272687
