{
  "flow_magnitude": {
    "C": {
      "r": -0.7882733833764974,
      "p": 0.0008100324652457726
    },
    "F": {
      "r": 0.4451425900881844,
      "p": 0.1107120161601345
    },
    "A": {
      "r": 0.528230022049795,
      "p": 0.052172126065711
    },
    "R": {
      "r": -0.6493534577988794,
      "p": 0.011967766510548209
    },
    "flow": {
      "r": 1.0,
      "p": 0.0
    },
    "curvature": {
      "r": 0.5847359093151588,
      "p": 0.028072049654529405
    }
  },
  "collapse_slope": {
    "C": {
      "r": 0.6728616628511288,
      "p": 0.00836251566186036
    },
    "F": {
      "r": -0.5081197285620295,
      "p": 0.06357886619760236
    },
    "A": {
      "r": -0.48009059087557254,
      "p": 0.08231188551010062
    },
    "R": {
      "r": 0.7547642268048103,
      "p": 0.0018077527311835399
    },
    "flow": {
      "r": -0.7784072554161842,
      "p": 0.0010403011848783199
    },
    "curvature": {
      "r": -0.5621393894233071,
      "p": 0.03641071905345094
    }
  },
  "knockout_sensitivity": {
    "C": {
      "r": 0.010425376950620187,
      "p": 0.9717832904465433
    },
    "F": {
      "r": 0.06585120827559879,
      "p": 0.8230203861785533
    },
    "A": {
      "r": -0.32937194417100457,
      "p": 0.25016513385444916
    },
    "R": {
      "r": 0.43915420379583114,
      "p": 0.11617530140200333
    },
    "flow": {
      "r": -0.24615572576630926,
      "p": 0.39625591578163627
    },
    "curvature": {
      "r": -0.4743022004239028,
      "p": 0.08661661452517157
    }
  },
  "boot_persistence": {
    "C": {
      "r": -0.42991259856616415,
      "p": 0.12496239425562235
    },
    "F": {
      "r": 0.11472574689186626,
      "p": 0.6961400058756542
    },
    "A": {
      "r": 0.08345004684677769,
      "p": 0.7766982474778216
    },
    "R": {
      "r": -0.17574544680635218,
      "p": 0.5478539758898652
    },
    "flow": {
      "r": 0.13214628400896095,
      "p": 0.6524717571131403
    },
    "curvature": {
      "r": 0.21110879259454535,
      "p": 0.46877113987890034
    }
  }
}