null_name,real_pr,null_pr,pr_ratio,real_knn_r,null_knn_r,knn_ratio
iid_gaussian,1.945790764965715,2.5257469310912413,1.2980567985868436,0.909299980684672,0.8255032932457976,0.9078448375465946
cov_gaussian,1.945790764965715,1.9511713864322848,1.002765262104975,0.909299980684672,0.8270585496710842,0.9095552262613458
spectrum_rand,1.945790764965715,1.943349271926529,0.9987452437933485,0.909299980684672,0.8162302932278434,0.8976468828397529
copula_shuffle,1.945790764965715,1.7527308621086097,0.9007807487150311,0.909299980684672,0.9084084878560504,0.9990195833635119
maxent,1.945790764965715,1.9701888937889747,1.0125389272385048,0.909299980684672,0.8622260586009195,0.9482305915718733
lowrank_adj,1.945790764965715,3.0846665309827856,1.5853022773685217,0.909299980684672,0.8682623100955044,0.954868941536469
random_embedding,1.945790764965715,1.9996322920998522,1.027670769182156,0.909299980684672,0.8778831725751837,0.9654494569703691
