rank,null_name,survival_pr,survival_knn
1,copula_shuffle,0.9007807487150311,0.9990195833635119
2,spectrum_rand,0.9987452437933485,0.8976468828397529
3,cov_gaussian,1.002765262104975,0.9095552262613458
4,maxent,1.0125389272385048,0.9482305915718733
5,random_embedding,1.027670769182156,0.9654494569703691
6,iid_gaussian,1.2980567985868436,0.9078448375465946
7,lowrank_adj,1.5853022773685217,0.954868941536469
