embedding,label,trustworthiness,continuity,knn_flow_r,knn_flow_p,pr
pca_2d,PCA(2),0.8533276912660799,0.9471462423832092,0.9645642510732932,6.604394698475434e-123,1.963536993682305
pca_4d,PCA(4),0.9699966147596479,0.9648645903859174,0.9260502795306503,2.118390737466701e-90,3.3066409441076523
isomap,Isomap,0.9654129993229519,0.9605077860528097,0.962621649101116,1.5774530560803513e-120,2.684955048419948
random_proj,RandProj,0.9385578876100203,0.9464421123899797,0.8791229923771157,3.387900829689427e-69,2.3604013831029595
phi_real,Φ_real,1.0,1.0,0.9092999806833031,1.5978350572065205e-81,1.945790764965715
null_1,Null_iid_gaussian,0.5176743398781314,0.48799593771157745,0.883855516206296,6.748655885570197e-71,2.563560724811775
null_2,Null_cov_gaussian,0.5088253215978334,0.5021665538253216,0.8797967512577214,1.9597390373900464e-69,2.0653844909584964
null_4,Null_copula_shuffle,0.49394380501015567,0.4998612051455653,0.8766159526576499,2.5247392512344446e-68,1.9028685122171745
null_7,Null_random_embedding,0.8800304671631686,0.9045463777928233,0.8767738924481349,2.227548742820155e-68,2.1264845065281794
