null_id,null_name,fisher_entropy,kl_div_vs_gaussian,kl_ci_lo,kl_ci_hi,mean_grad_log_dens,real_kl
1,iid_gaussian,6.424159484432095,-0.46273930222030035,-0.7500171031108813,-0.6298192708683316,0.40872132631184954,-1.4230873200001293
2,cov_gaussian,5.951866987403208,-0.5231826967960318,-0.8064466652020369,-0.6894564268923927,0.4098967835779315,-1.4230873200001293
3,spectrum_rand,5.805632523239376,-0.4682898176831003,-0.7608155597674987,-0.6495985198137841,0.4717839195061884,-1.4230873200001293
4,copula_shuffle,3.576722657048033,-0.8693543808529274,-1.1550507067722873,-0.9027507541730428,0.9031099630458542,-1.4230873200001293
5,maxent,6.034818084471138,-0.5090546952367774,-0.8132616247404398,-0.6735303313395291,0.41706107747158394,-1.4230873200001293
6,lowrank_adj,6.45994527561475,-0.5282751892344102,-0.8495375936945524,-0.7029533199787897,0.39052472352954193,-1.4230873200001293
7,random_embedding,5.3294614020789135,-1.016786806674281,-1.2289093457056222,-1.0766570855652076,0.4233874293665855,-1.4230873200001293
