null_id,null_name,pr,pr_ci_lo,pr_ci_hi,eff_rank,knn_r,knn_p,smooth_mean,dens_flow_r,survival_pr,survival_knn
1,iid_gaussian,2.5257469310912413,2.3460359039115075,2.7097268366232234,2.5265573115131064,0.8255032932457976,8.033811356443387e-54,162.61784631783217,-0.9160675739973597,1.2980567985868436,0.9078448375465946
2,cov_gaussian,1.9511713864322848,1.7585538125526756,2.230591446176519,2.1288587615775314,0.8270585496710842,3.439170272533048e-54,184.25030677603453,-0.9285226704197358,1.002765262104975,0.9095552262613458
3,spectrum_rand,1.943349271926529,1.7853030073437655,2.1756485918784034,2.126804031470259,0.8162302932278434,1.0678126641038111e-51,262.61752489196755,-0.9443804457543707,0.9987452437933485,0.8976468828397529
4,copula_shuffle,1.7527308621086097,1.600125934779391,1.9193684474514383,2.008574638066407,0.9084084878560504,4.23309252229342e-81,153.34494994939334,-0.9158089267191304,0.9007807487150311,0.9990195833635119
5,maxent,1.9701888937889747,1.7951570552618648,2.1750027630607964,2.1430527120940956,0.8622260586009195,1.1651040387864863e-63,176.22983373376528,-0.912866650848189,1.0125389272385048,0.9482305915718733
6,lowrank_adj,3.0846665309827856,2.8050344190498815,3.221722777042701,2.849249268135919,0.8682623100955044,1.5030803829196594e-65,226.19275676748305,-0.9368864099856743,1.5853022773685217,0.954868941536469
7,random_embedding,1.9996322920998522,1.779784774151311,2.263858332742942,2.0755930155025553,0.8778831725751837,9.198289325571739e-69,138.4092216902835,-0.9471506590578376,1.027670769182156,0.9654494569703691
