target,manifold_knn_r2,surrogate_r2,features_knn_r2,family_labels_r2,manifold_advantage_vs_surrogate,manifold_advantage_vs_features,permutation_p,significant
spectral_entropy,0.8580205004859622,-0.0025356390402156113,0.845282303056334,0.5003672466911224,0.8605561395261778,0.012738197429628229,0.0,True
mean_curvature,0.6248260306289715,-0.006494900578541582,0.6104129857763881,0.15471699139114795,0.6313209312075131,0.014413044852583323,0.0,True
recurrence_rate,0.5349459447849427,-0.005119266502190352,0.528813154831861,0.3172927184889863,0.540065211287133,0.006132789953081752,0.0,True
laminarity,0.7266083390593048,-0.0036682676914169803,0.6989821719451709,0.18016022510305774,0.7302766067507217,0.027626167114133904,0.0,True
divergence_rate,0.6357711834175096,-0.0042202682174429275,0.6058084343377866,0.2385183867691773,0.6399914516349525,0.02996274907972296,0.0,True
