metric,pearson_r,pearson_p,spearman_rho,spearman_p,permutation_p
mean_centroid_distance,-0.2763079289102055,0.02587975307332463,-0.2509324231659335,0.04377782524909858,0.052
min_centroid_distance,-0.2758080495581849,0.026160791810486465,-0.22025893433552962,0.07789200098637404,0.058
mean_purity,-0.09035310829947678,0.4741261130338352,-0.10738592781773576,0.39452491434535175,0.506
