ablation,distinction_survival,persistence_survival,relation_survival,closure_survival,selfref_survival,mean_survival
no_nonlinearity,1.0,0.0,1.0053475935828877,0.6666666666666665,0.9949999999999999,0.6684491978609626
no_bias,1.0101010101010102,0.0,1.0213903743315509,2.0,0.9949999999999999,0.6771637948108538
symmetric_w,1.0101010101010102,0.0,1.0320855614973263,4.666666666666665,1.0,0.6807288571994455
identity_w,1.0101010101010102,0.0,1.0695187165775402,30.83333333333333,1.0,0.6932065755595168
no_rotation,1.0101010101010102,0.0,1.0695187165775402,0.5,1.0,0.6932065755595168
zero_w,1.0101010101010102,0.0,1.0695187165775402,0.33333333333333326,1.0,0.6932065755595168
