property,emergence_rate,mean_depth,std_depth,n_universes
distinction,0.995,5.778894472361809,2.1964295116203334,995
relation,0.948,10.629441624365482,7.3094673158670025,197
closure,0.04,5.1,5.8212695769204394,40
