model,rate,z,p
random_walk,0.9935,3.611424616438867,0.000304519603647746
