detector,rate
persistence,0.9966666666666667
neighborhood,0.5423333333333333
composition,0.9936666666666667
selfref,0.9936666666666667
separability,0.9936666666666667
distance_struct,0.9936666666666667
