dataset,pc1_variance,effective_rank
white_noise,0.9290936881519201,1.2934252600384843
sine_wave,0.9994522440173382,1.0046788469435268
random_walk,0.9697155615819946,1.1644164975058569
