phase,mean_consensus_corr,mean_consensus_p,entropy_corr,entropy_p,density_corr,density_p,rank_corr,verdict
530,0.4283694929707502,0.016206111218113904,0.476466657323721,0.006733508499254854,0.37809558605591864,0.03597567487862043,0.4484223361675471,PARTIAL-CONSENSUS-STRUCTURE
