phase,pearson_r,pearson_p,spearman_rho,quadratic_coef,quadratic_r2,optimal_hybridity,low_mean,mid_mean,high_mean,optimality_index,verdict
539,0.4410968465816103,0.012996611733811666,0.41947488112466397,-6.812359787178381,0.2628061196431204,0.44833642765737775,0.5021031,0.9947343571428571,0.9569731428571429,0.26519623571428563,PARTIAL-INTERFACE-OPTIMUM
