{
  "random_gaussian": {
    "k0": [
      5.821847340082333,
      5.822212461155625,
      5.822757877343872,
      5.822066933475189,
      5.818347953834919,
      5.8241556668575125,
      5.820517418201945,
      5.819225103295601,
      5.8240676428630636
    ],
    "r2": [
      0.994747853007636,
      0.9947457577388774,
      0.9947307510350109,
      0.994730255801396,
      0.9947219785533892,
      0.9947550299390387,
      0.9947344589373679,
      0.994756017344166,
      0.9947516386744526
    ],
    "A": [
      11.551632584808877,
      11.551607877217743,
      11.550201730086199,
      11.546730010699008,
      11.543293006612869,
      11.551187106640375,
      11.544835936772046,
      11.549149868572085,
      11.557389135909455
    ],
    "beta": [
      0.4017950697223952,
      0.40180329780791274,
      0.4016190806613983,
      0.4016096455871181,
      0.40187113461490215,
      0.40169195624650517,
      0.401734730087337,
      0.40207471885317,
      0.40183571529181766
    ]
  },
  "hierarchical": {
    "k0": [
      5.766100856690983,
      5.852438600344402,
      5.7822514626787465,
      5.717607067118189,
      5.87531304833235,
      5.812069473260541,
      5.7885405007975885,
      5.780284927990229,
      5.780993234115721
    ],
    "r2": [
      0.994738699071738,
      0.9943763323059195,
      0.9944944551112304,
      0.9946234197053304,
      0.9943019774370573,
      0.9950820103067889,
      0.9945338365460367,
      0.9947667968638159,
      0.994613458421142
    ],
    "A": [
      11.113349550154796,
      11.081562694077077,
      11.121139007296115,
      10.901687768396908,
      11.098642337455207,
      11.063245011023168,
      11.050121101876547,
      11.18548040413822,
      11.08846205897734
    ],
    "beta": [
      0.39918537958632033,
      0.3898746104537057,
      0.3969187277626474,
      0.39959371135056465,
      0.3890926948723902,
      0.39735927056521414,
      0.39596536713982944,
      0.39950040402132175,
      0.3976462382639241
    ]
  },
  "sparse": {
    "k0": [
      5.830427238373251,
      5.829399514800789,
      5.822055699875833,
      5.799642267893916,
      5.817478685590918,
      5.802353889367421,
      5.813018154590314,
      5.823115781349767,
      5.816254711129764
    ],
    "r2": [
      0.9948353756973796,
      0.9948176148947331,
      0.9947714749205988,
      0.9947206533996136,
      0.994884068952042,
      0.9947273699867335,
      0.9948510768122593,
      0.9947751507431738,
      0.9947976451593832
    ],
    "A": [
      11.402002070518467,
      11.419347428933428,
      11.38865575647383,
      11.386379018077005,
      11.399750496331894,
      11.443833411384219,
      11.34988632574411,
      11.380427105309769,
      11.407834361904655
    ],
    "beta": [
      0.3998272515207884,
      0.4003641692882424,
      0.3998062379150223,
      0.40113587786758803,
      0.40136125590812327,
      0.4020492451124495,
      0.4007384937579364,
      0.39963038899562864,
      0.4008974539211885
    ]
  }
}