{
  "phase": "a",
  "status": "PASS",
  "checks": {
    "dk_range_valid": true,
    "fit_converged": true,
    "k0_in_range": true,
    "r_squared_reasonable": true,
    "null_expectation": false,
    "all_pass": true
  },
  "results": {
    "k_values": [
      1,
      2,
      3,
      4,
      5,
      6,
      7,
      8,
      9,
      10,
      11,
      12,
      13,
      14,
      15,
      16,
      17,
      18,
      19,
      20,
      21,
      22,
      23,
      24,
      25,
      26,
      27,
      28,
      29,
      30
    ],
    "dk_values": [
      0.9999999999473199,
      1.9954896952401142,
      2.990400341627136,
      3.9850048886819383,
      4.979678833168611,
      5.9740911071969025,
      6.967973399183477,
      7.961372143932343,
      8.954210420648302,
      9.946717410980146,
      10.938904227192976,
      11.931070625806258,
      12.92318161311197,
      13.914473869630223,
      14.90556558134945,
      15.896392223465362,
      16.887009659075527,
      17.87708727732062,
      18.86695323305735,
      19.856061246079463,
      20.84411683841246,
      21.83141312117828,
      22.81825495118554,
      23.80467806292212,
      24.7907556484681,
      25.77622156953872,
      26.76123255115165,
      27.745345435697057,
      28.728910049558916,
      29.71230467405423
    ],
    "computation_metadata": {
      "n_points": 50,
      "dimensionality": 20,
      "k_range": [
        1,
        30
      ],
      "dk_mean": 15.385495689962086,
      "dk_std": 8.57124055768903,
      "seed": 42
    },
    "fit_params": {
      "A": 32.80383450882962,
      "k0": 16.59155815828074,
      "beta": 0.14362953961717537,
      "r_squared": 0.9925903068966051
    },
    "fit_metadata": {
      "model": "sigmoid",
      "converged": true,
      "n_points": 30
    },
    "data_hash": "59cc0bd7448e6756"
  },
  "runtime": 0.01798868179321289,
  "timestamp": "2026-05-14T19:52:34.897574",
  "params": {
    "n": 50,
    "dimensions": 20,
    "variance": 1.0
  }
}