{
  "phase": "a",
  "status": "PASS",
  "checks": {
    "dk_range_valid": true,
    "fit_converged": true,
    "k0_in_range": true,
    "r_squared_reasonable": true,
    "all_pass": true
  },
  "results": {
    "k_values": [
      1,
      2,
      3,
      4,
      5,
      6,
      7,
      8,
      9,
      10,
      11,
      12,
      13,
      14,
      15,
      16,
      17,
      18,
      19,
      20,
      21,
      22,
      23,
      24,
      25,
      26,
      27,
      28,
      29,
      30
    ],
    "dk_values": [
      1.000000001798119,
      1.995893482731605,
      2.672087985828756,
      3.587205591911391,
      4.266211772429195,
      5.116881916324343,
      5.812552569018711,
      6.622592393407208,
      7.3327864029998855,
      8.114523615123012,
      8.83627255291754,
      9.596502373187686,
      10.327409655523729,
      11.070230627500521,
      11.808449155576987,
      12.536531431038577,
      13.280610615675972,
      14.00245977225296,
      14.744577715483633,
      15.465786530750947,
      16.200732911471043,
      16.924176665461395,
      17.649296261914298,
      18.376367632697832,
      19.09512292545769,
      19.820908035447676,
      20.538129230104033,
      21.25763544789771,
      21.97564960946241,
      22.688659724394938
    ],
    "computation_metadata": {
      "n_points": 100,
      "dimensionality": 50,
      "k_range": [
        1,
        30
      ],
      "dk_mean": 12.09054148685966,
      "dk_std": 6.41143716165931,
      "seed": 42
    },
    "fit_params": {
      "A": 25.052141379647114,
      "k0": 16.096747519363518,
      "beta": 0.13917707337342516,
      "r_squared": 0.9925587545168191
    },
    "fit_metadata": {
      "model": "sigmoid",
      "converged": true,
      "n_points": 30
    },
    "data_hash": "0c6ce9e0590b4927"
  },
  "runtime": 0.6101479530334473,
  "timestamp": "2026-05-14T19:55:31.602685",
  "params": {
    "n": 50,
    "coupling": 0.5,
    "n_timesteps": 100
  }
}