{
  "phase": "a",
  "status": "PASS",
  "checks": {
    "dk_range_valid": true,
    "fit_converged": true,
    "k0_in_range": true,
    "r_squared_reasonable": true,
    "null_expectation": true,
    "all_pass": true
  },
  "results": {
    "k_values": [
      1,
      2,
      3,
      4,
      5,
      6,
      7,
      8,
      9,
      10,
      11,
      12,
      13,
      14,
      15,
      16,
      17,
      18,
      19,
      20,
      21,
      22,
      23,
      24,
      25,
      26,
      27,
      28,
      29,
      30
    ],
    "dk_values": [
      1.000000000510438,
      1.9796955833495045,
      2.952929759337826,
      3.9312302705546807,
      4.908850549469811,
      5.886214632945767,
      6.863891461583919,
      7.841814226794025,
      8.820050357177161,
      9.797644565467111,
      10.773671717115185,
      11.750598818995343,
      12.727862811970544,
      13.704262652532455,
      14.67963337325772,
      15.656310538901346,
      16.632910182845553,
      17.60927636753767,
      18.58579110275196,
      19.562732804376857,
      20.539796831281024,
      21.51676335668052,
      22.493304326763354,
      23.470188999157987,
      24.44751385306931,
      25.424761786673717,
      26.402080804920615,
      27.379276583592237,
      28.35646045777942,
      29.332990523774534
    ],
    "computation_metadata": {
      "n_points": 50,
      "dimensionality": 10,
      "k_range": [
        1,
        30
      ],
      "dk_mean": 15.167616976705586,
      "dk_std": 8.455633490342613,
      "seed": 42
    },
    "fit_params": {
      "A": 32.456601706352615,
      "k0": 16.658616899090404,
      "beta": 0.14311640805033735,
      "r_squared": 0.9926255519510601
    },
    "fit_metadata": {
      "model": "sigmoid",
      "converged": true,
      "n_points": 30
    },
    "data_hash": "136a95b5a6d2e053"
  },
  "runtime": 0.08133816719055176,
  "timestamp": "2026-05-14T19:54:40.731791",
  "params": {
    "n": 50,
    "sparsity": 0.1,
    "connected": true
  }
}