{
  "phase": "a",
  "status": "PASS",
  "checks": {
    "dk_range_valid": true,
    "fit_converged": true,
    "k0_in_range": true,
    "r_squared_reasonable": true,
    "null_expectation": true,
    "all_pass": true
  },
  "results": {
    "k_values": [
      1,
      2,
      3,
      4,
      5,
      6,
      7,
      8,
      9,
      10,
      11,
      12,
      13,
      14,
      15,
      16,
      17,
      18,
      19,
      20,
      21,
      22,
      23,
      24,
      25,
      26,
      27,
      28,
      29,
      30
    ],
    "dk_values": [
      0.999999999985954,
      1.983035640543087,
      2.9557424753058363,
      3.896333271697099,
      4.843718214006792,
      5.798959332819566,
      6.7517095927485515,
      7.706693564942947,
      8.651117664845533,
      9.577069837679055,
      10.49151951772631,
      11.351282310554307,
      12.16714843274044,
      12.993604932618696,
      13.79703582759048,
      14.61466601594215,
      15.45003593958362,
      16.29549577466651,
      17.152929006005888,
      18.018969260824214,
      18.89550954648253,
      19.77101245643403,
      20.567163472110355,
      21.384765468730972,
      22.221260138417566,
      23.07077666439419,
      23.92848305024181,
      24.795117348958257,
      25.669370809854364,
      26.551024172515845
    ],
    "computation_metadata": {
      "n_points": 50,
      "dimensionality": 10,
      "k_range": [
        1,
        30
      ],
      "dk_mean": 14.078384991365564,
      "dk_std": 7.5274781415213585,
      "seed": 42
    },
    "fit_params": {
      "A": 28.92115791928246,
      "k0": 15.91840959277077,
      "beta": 0.14180902867540776,
      "r_squared": 0.9904881551849973
    },
    "fit_metadata": {
      "model": "sigmoid",
      "converged": true,
      "n_points": 30
    },
    "data_hash": "b3b590b51401f27d"
  },
  "runtime": 0.024495840072631836,
  "timestamp": "2026-05-14T19:54:16.448449",
  "params": {
    "n": 50,
    "depth": 3,
    "branching": 3,
    "cluster_std": 0.5
  }
}