{
  "phase": "b",
  "status": "COMPLETE",
  "n_trials": 10,
  "successful_trials": 10,
  "aggregated": {
    "k0_mean": 16.636703559123802,
    "k0_std": 0.03398300028392685,
    "r2_mean": 0.9926135681737165,
    "r2_std": 4.78986280067375e-05,
    "dk_mean": 15.177314357817817,
    "dk_std": 0.02295257896151874
  },
  "timestamp": "2026-05-14T19:59:04.304338"
}