{
  "phase": "b",
  "status": "COMPLETE",
  "n_trials": 10,
  "successful_trials": 10,
  "aggregated": {
    "k0_mean": 16.231850712133124,
    "k0_std": 0.5043350000050197,
    "r2_mean": 0.990948038706224,
    "r2_std": 0.0007670699579772654,
    "dk_mean": 14.105777170776832,
    "dk_std": 0.16942726968586552
  },
  "timestamp": "2026-05-14T19:55:50.338073"
}