{
  "phase": "b",
  "status": "COMPLETE",
  "n_trials": 10,
  "successful_trials": 10,
  "aggregated": {
    "k0_mean": 16.135967934822432,
    "k0_std": 0.04393984377859167,
    "r2_mean": 0.9925668142007146,
    "r2_std": 2.0146448073182073e-05,
    "dk_mean": 12.103963456838528,
    "dk_std": 0.017897012136780265
  },
  "timestamp": "2026-05-14T19:59:26.070995"
}