{
  "phase": "b",
  "status": "COMPLETE",
  "n_trials": 10,
  "successful_trials": 10,
  "aggregated": {
    "k0_mean": 16.60102815465841,
    "k0_std": 0.0063232780633228495,
    "r2_mean": 0.9925837657424154,
    "r2_std": 8.865802906821438e-06,
    "dk_mean": 15.385324142850823,
    "dk_std": 0.0040840217049417
  },
  "timestamp": "2026-05-14T19:53:05.956818"
}