{
  "field_shape": [
    64,
    64,
    64
  ],
  "tests": {
    "xy_z32": {
      "shape": [
        64,
        64
      ],
      "mean": 0.9994493722915649,
      "variance": 0.018552090972661972,
      "entropy": 7.442332675556387
    },
    "xz_y32": {
      "shape": [
        64,
        64
      ],
      "mean": 1.0278592109680176,
      "variance": 0.02227674052119255,
      "entropy": 7.5532286832172115
    },
    "yz_x32": {
      "shape": [
        64,
        64
      ],
      "mean": 0.9993398785591125,
      "variance": 0.01787768304347992,
      "entropy": 7.485112239845622
    },
    "mean_z": {
      "shape": [
        64,
        64
      ],
      "mean": 1.0005757808685303,
      "variance": 0.0032680206932127476,
      "entropy": 7.382897944385558
    },
    "mean_y": {
      "shape": [
        64,
        64
      ],
      "mean": 1.0005756616592407,
      "variance": 0.002016071230173111,
      "entropy": 7.569871278189515
    },
    "mean_x": {
      "shape": [
        64,
        64
      ],
      "mean": 1.0005756616592407,
      "variance": 0.002661028178408742,
      "entropy": 7.402728203318846
    },
    "max_z": {
      "shape": [
        64,
        64
      ],
      "mean": 1.2582331895828247,
      "variance": 0.01032274216413498,
      "entropy": 7.258486726767292
    },
    "max_y": {
      "shape": [
        64,
        64
      ],
      "mean": 1.2905009984970093,
      "variance": 0.007836034521460533,
      "entropy": 7.230275120657577
    },
    "max_x": {
      "shape": [
        64,
        64
      ],
      "mean": 1.2856392860412598,
      "variance": 0.00821189396083355,
      "entropy": 7.266360776429351
    }
  },
  "descriptor_ranges": {
    "mean": {
      "min": 0.9993398785591125,
      "max": 1.2905009984970093,
      "std": 0.1294170224769092
    },
    "variance": {
      "min": 0.002016071230173111,
      "max": 0.02227674052119255,
      "std": 0.007116545558554316
    },
    "entropy": {
      "min": 7.230275120657577,
      "max": 7.569871278189515,
      "std": 0.11942217999192097
    }
  }
}