{
  "depths": {
    "1": {
      "projection": {
        "count": 2400,
        "local_retention": 0.15,
        "bounded_radius": 0.5,
        "drift_rate": 0.3017718384546959,
        "recurrence_density": 0.9979166666666667,
        "trajectory_escape": 0.9
      },
      "antisymmetry": {
        "count": 2400,
        "local_retention": 0.2,
        "bounded_radius": 0.5,
        "drift_rate": 0.004945726823206999,
        "recurrence_density": 0.99875,
        "trajectory_escape": 0.8
      },
      "neutral": {
        "count": 2400,
        "local_retention": 0.16666666666666666,
        "bounded_radius": 0.5,
        "drift_rate": 0.16275689645855915,
        "recurrence_density": 0.9985416666666667,
        "trajectory_escape": 0.8666666666666667
      }
    },
    "3": {
      "projection": {
        "count": 2400,
        "local_retention": 0.09166666666666666,
        "bounded_radius": 0.5,
        "drift_rate": 0.19323340519936397,
        "recurrence_density": 0.9989583333333333,
        "trajectory_escape": 0.9666666666666667
      },
      "antisymmetry": {
        "count": 2400,
        "local_retention": 0.2,
        "bounded_radius": 0.5,
        "drift_rate": 0.0024728634116034996,
        "recurrence_density": 0.999375,
        "trajectory_escape": 0.8
      },
      "neutral": {
        "count": 2400,
        "local_retention": 0.15,
        "bounded_radius": 0.5,
        "drift_rate": 0.071181917535372,
        "recurrence_density": 0.9992708333333333,
        "trajectory_escape": 0.8666666666666667
      }
    },
    "6": {
      "projection": {
        "count": 2400,
        "local_retention": 0.06666666666666667,
        "bounded_radius": 0.5,
        "drift_rate": 0.11041908868535084,
        "recurrence_density": 0.9994047619047619,
        "trajectory_escape": 0.9666666666666667
      },
      "antisymmetry": {
        "count": 2400,
        "local_retention": 0.2,
        "bounded_radius": 0.5,
        "drift_rate": 0.0,
        "recurrence_density": 0.9996428571428572,
        "trajectory_escape": 0.8
      },
      "neutral": {
        "count": 2400,
        "local_retention": 0.14285714285714285,
        "bounded_radius": 0.5,
        "drift_rate": 0.039733338244363606,
        "recurrence_density": 0.9995833333333334,
        "trajectory_escape": 0.8666666666666667
      }
    },
    "9": {
      "projection": {
        "count": 2400,
        "local_retention": 0.056666666666666664,
        "bounded_radius": 0.5,
        "drift_rate": 0.07729336207974559,
        "recurrence_density": 0.9995833333333334,
        "trajectory_escape": 0.9666666666666667
      },
      "antisymmetry": {
        "count": 2400,
        "local_retention": 0.2,
        "bounded_radius": 0.5,
        "drift_rate": 0.0009891453646413998,
        "recurrence_density": 0.99975,
        "trajectory_escape": 0.8
      },
      "neutral": {
        "count": 2400,
        "local_retention": 0.14,
        "bounded_radius": 0.5,
        "drift_rate": 0.028472767014148796,
        "recurrence_density": 0.9997083333333333,
        "trajectory_escape": 0.8666666666666667
      }
    },
    "12": {
      "projection": {
        "count": 2400,
        "local_retention": 0.05128205128205128,
        "bounded_radius": 0.5,
        "drift_rate": 0.05945643236903507,
        "recurrence_density": 0.9996794871794872,
        "trajectory_escape": 0.9666666666666667
      },
      "antisymmetry": {
        "count": 2400,
        "local_retention": 0.2,
        "bounded_radius": 0.5,
        "drift_rate": 0.0,
        "recurrence_density": 0.9998076923076923,
        "trajectory_escape": 0.8
      },
      "neutral": {
        "count": 2400,
        "local_retention": 0.13846153846153847,
        "bounded_radius": 0.5,
        "drift_rate": 0.021394874439272713,
        "recurrence_density": 0.999775641025641,
        "trajectory_escape": 0.8666666666666667
      }
    },
    "15": {
      "projection": {
        "count": 2400,
        "local_retention": 0.04791666666666667,
        "bounded_radius": 0.5,
        "drift_rate": 0.04830835129984099,
        "recurrence_density": 0.9997395833333333,
        "trajectory_escape": 0.9666666666666667
      },
      "antisymmetry": {
        "count": 2400,
        "local_retention": 0.2,
        "bounded_radius": 0.5,
        "drift_rate": 0.0006182158529008749,
        "recurrence_density": 0.99984375,
        "trajectory_escape": 0.8
      },
      "neutral": {
        "count": 2400,
        "local_retention": 0.1375,
        "bounded_radius": 0.5,
        "drift_rate": 0.017795479383843,
        "recurrence_density": 0.9998177083333334,
        "trajectory_escape": 0.8666666666666667
      }
    },
    "20": {
      "projection": {
        "count": 2400,
        "local_retention": 0.044444444444444446,
        "bounded_radius": 0.5,
        "drift_rate": 0.03680636289511695,
        "recurrence_density": 0.9998015873015873,
        "trajectory_escape": 0.9666666666666667
      },
      "antisymmetry": {
        "count": 2400,
        "local_retention": 0.2,
        "bounded_radius": 0.5,
        "drift_rate": 0.0,
        "recurrence_density": 0.9998809523809524,
        "trajectory_escape": 0.8
      },
      "neutral": {
        "count": 2400,
        "local_retention": 0.1365079365079365,
        "bounded_radius": 0.5,
        "drift_rate": 0.015827144824888215,
        "recurrence_density": 0.9998611111111111,
        "trajectory_escape": 0.8666666666666667
      }
    }
  },
  "answers": {
    "H1_local_retention": false,
    "H2_bounded_drift": true,
    "H3_escape_control": true,
    "H4_rg_stability": true,
    "H5_recurrence_density": true,
    "verdict": "DIFFUSE",
    "proj_retention": 0.044444444444444446,
    "proj_drift": 0.03680636289511695,
    "proj_escape": 0.9666666666666667,
    "proj_recurrence": 0.9998015873015873
  }
}