{
  "N": 15,
  "C_original": {
    "mean": 0.989938917419066,
    "std": 0.0018400065636524682,
    "min": 0.9867803534452427,
    "max": 0.992772400493736
  },
  "C_rank": {
    "mean": 0.9888796403951935,
    "std": 0.0011908003669164162,
    "min": 0.9866376924840118,
    "max": 0.9909997343395957
  },
  "C_zscore": {
    "mean": 0.9900293505412493,
    "std": 0.0017812989431824694,
    "min": 0.987364598291559,
    "max": 0.9929758023739089
  },
  "\u0394C_rank": {
    "mean": 0.0015605464617881074,
    "std": 0.0014322399977208327,
    "min": 0.00013873330242086812,
    "max": 0.006134708009724266
  },
  "\u0394C_zscore": {
    "mean": 0.00021303023903197123,
    "std": 0.00015910897987949708,
    "min": 5.796965326809733e-05,
    "max": 0.0005842448463162508
  },
  "\u0394C_dimension": {
    "mean": 0.0030282170361911167,
    "std": 0.0014723023590356762,
    "min": 4.363306851074e-05,
    "max": 0.0050615772785443935
  }
}