{
  "rb_buoyancy_layer_0": {
    "mean_over_time": [
      0.10000039637088776,
      0.13512331247329712,
      0.14197558164596558,
      0.14645791053771973,
      0.14993086457252502,
      0.15280699729919434,
      0.1552821397781372,
      0.15746690332889557,
      0.1594303995370865,
      0.16121895611286163
    ],
    "variance_over_time": [
      0.004999962169677019,
      0.031878791749477386,
      0.0370093397796154,
      0.04019518941640854,
      0.042631007730960846,
      0.0446283221244812,
      0.046332333236932755,
      0.04782479256391525,
      0.04915665462613106,
      0.050362005829811096
    ],
    "frame_to_frame_difference": [
      0.035202644765377045,
      0.006866064853966236,
      0.0044885678216814995,
      0.0034766257740557194,
      0.0028785867616534233,
      0.0024769315496087074,
      0.002186128869652748,
      0.0019646044820547104,
      0.0017895177006721497
    ],
    "spatial_autocorrelation": [
      0.9999952700987362,
      0.9999999742365294,
      0.9999999935357816,
      0.999999997127813,
      0.9999999983369956,
      0.9999999988484188,
      0.9999999990509807,
      0.999999999019113,
      0.9999999986492093,
      0.9999999975689028
    ]
  },
  "rb_buoyancy_layer_1": {
    "stabilization_decreasing": true,
    "stabilization_rate": 0.0068144080643024706,
    "boundary_formation": [
      {
        "time": 0,
        "top": 0.09999549388885498,
        "bottom": 0.10000377893447876,
        "left": 0.19975174963474274,
        "right": 0.0002482798299752176
      },
      {
        "time": 1,
        "top": 0.13512034714221954,
        "bottom": 0.13512440025806427,
        "left": 0.8834087252616882,
        "right": 0.00024828760069794953
      },
      {
        "time": 2,
        "top": 0.14197245240211487,
        "bottom": 0.14197632670402527,
        "left": 0.9213439226150513,
        "right": 0.00024828649475239217
      }
    ],
    "movement_magnitudes": [
      9.023446145278493,
      1.0558686256233034,
      0.6003671122532047,
      0.4229227093047406,
      0.32437783258356917,
      0.2614438673089163,
      0.21780357726497618,
      0.18579519407223533,
      0.1613419009128562
    ],
    "repetition_similarities": [
      0.647974967956543,
      0.9491866827011108,
      0.9683849215507507,
      0.9762619733810425,
      0.9808005690574646,
      0.9837904572486877,
      0.9859215617179871,
      0.9875236749649048,
      0.9887755513191223
    ]
  },
  "am_concentration_layer_0": {
    "mean_over_time": [
      1.0,
      1.0,
      1.0,
      1.0,
      1.0,
      1.0,
      1.0,
      0.9999999403953552,
      1.0,
      1.0
    ],
    "variance_over_time": [
      0.00013301483704708517,
      8.080375846475363e-05,
      5.6842680351110175e-05,
      4.4065578549634665e-05,
      3.6123710742685944e-05,
      3.0529256036970764e-05,
      2.6233445169054903e-05,
      2.2752719814889133e-05,
      1.9840343156829476e-05,
      1.735646765155252e-05
    ],
    "frame_to_frame_difference": [
      0.002669461304321885,
      0.0016484989318996668,
      0.0010567374993115664,
      0.0007144626579247415,
      0.000517228152602911,
      0.00040157936746254563,
      0.0003295274800620973,
      0.000282558670733124,
      0.00025011858087964356
    ],
    "spatial_autocorrelation": [
      0.9903516344243188,
      0.9932027493069205,
      0.9951651367809468,
      0.9962643303577969,
      0.9968121881864342,
      0.9970710758798775,
      0.9971911261543202,
      0.9972465147708292,
      0.9972719560648434,
      0.9972834845768276
    ]
  },
  "am_concentration_layer_1": {
    "stabilization_decreasing": true,
    "stabilization_rate": 0.0008744636272442424,
    "boundary_formation": [
      {
        "time": 0,
        "top": 1.0,
        "bottom": 1.0,
        "left": 1.0,
        "right": 1.0
      },
      {
        "time": 1,
        "top": 1.0000003576278687,
        "bottom": 1.0000044107437134,
        "left": 0.9999996423721313,
        "right": 1.000000238418579
      },
      {
        "time": 2,
        "top": 1.0000007152557373,
        "bottom": 1.0000052452087402,
        "left": 0.9999994039535522,
        "right": 1.000000238418579
      }
    ],
    "movement_magnitudes": [
      1.5787735040019942e-05,
      5.377356255350269e-06,
      2.725839203601067e-06,
      2.6177269635808347e-06,
      2.648151058172804e-06,
      2.5507293470109587e-06,
      8.856310142163009e-06,
      1.2710215271988417e-05,
      1.95420070082076e-06
    ],
    "repetition_similarities": [
      0.9973305463790894,
      0.998351514339447,
      0.9989432692527771,
      0.9992855191230774,
      0.9994827508926392,
      0.9995984435081482,
      0.9996704459190369,
      0.9997174143791199,
      0.9997498989105225
    ]
  },
  "l0_comparison": {
    "layer_0": {},
    "similarities": [
      {
        "phenomenon": "mean_intensity_trend",
        "layer": "Layer_0",
        "similarity": 0.7717029302729799
      },
      {
        "phenomenon": "frame_difference_trend",
        "layer": "Layer_0",
        "similarity": 0.969590566962405
      }
    ]
  },
  "l1_comparison": {
    "layer_1": {},
    "similarities": [
      {
        "phenomenon": "stabilization_pattern",
        "layer": "Layer_1",
        "similarity": 1.0
      },
      {
        "phenomenon": "boundary_symmetry",
        "layer": "Layer_1",
        "similarity": 1.0
      }
    ],
    "differences": []
  }
}