property,phase,real_mean,null_mean,collapse,dependency
synchronization,N,0.873001941361638,0.6395742006162444,0.2673851336244589,distribution
closure_correlation,N,0.6868515696262077,0.004776318983909938,0.9930460681825197,trajectory
shared_closure_value,O,0.4523406667533636,0.45757708274382236,-0.011576266242083966,distribution
closure_convergence,O,0.5187372813139755,0.32553583922241786,0.37244564647864364,distribution
cross_correlation,O,0.7570818411741399,0.040301449584317785,0.946767380496387,trajectory
continuity_through_transition,P,0.79,0.86,-0.08860759493670889,distribution
