{
  "results": {
    "Rayleigh-B\u00e9nard": {
      "original": {
        "C": 0.7454744723771929,
        "S1": 2.613825786113739,
        "S2": 0.0068144080643024706,
        "S3": 1.0
      },
      "zscore": {
        "C": 0.7454744673345145,
        "S1": 3.1196818590164184,
        "S2": 0.034159239588512316,
        "S3": 1.0
      },
      "rank": {
        "C": 0.7655082220609575,
        "S1": 1.1297228074364003,
        "S2": 0.0016397231594762868,
        "S3": 1.0
      },
      "minmax": {
        "C": 0.74547446389634,
        "S1": 2.6138781905174255,
        "S2": 0.006822224214880003,
        "S3": 1.0
      }
    },
    "Active Matter": {
      "original": {
        "C": 0.7715787115345453,
        "S1": 0.0006039969593985006,
        "S2": 0.0008744636272442424,
        "S3": 0.8449514991181658
      },
      "zscore": {
        "C": 0.7715787114917987,
        "S1": 1.8839953064918518,
        "S2": 0.12788563677006298,
        "S3": 0.8449514991181658
      },
      "rank": {
        "C": 0.7328029267564775,
        "S1": 1.0958874076782974,
        "S2": 0.02844191237042347,
        "S3": 0.8135076252723311
      },
      "minmax": {
        "C": 0.77157871071776,
        "S1": 0.20877862423658372,
        "S2": 0.011311573390331533,
        "S3": 0.8449514991181658
      }
    }
  },
  "coupling_results": {
    "Rayleigh-B\u00e9nard": {
      "C_S1": {
        "coupling": -0.9608004844210355,
        "p_value": 0.039199515578964395
      },
      "C_S2": {
        "coupling": -0.4849046322811135,
        "p_value": 0.5150953677188865
      },
      "C_S3": {
        "coupling": NaN,
        "p_value": NaN
      }
    },
    "Active Matter": {
      "C_S1": {
        "coupling": -0.22978175270786844,
        "p_value": 0.7702182472921315
      },
      "C_S2": {
        "coupling": 0.15653313324967122,
        "p_value": 0.8434668667503287
      },
      "C_S3": {
        "coupling": 0.9999999999999996,
        "p_value": 4.440892098500626e-16
      }
    }
  }
}