{
  "results": {
    "stable_hierarchy": {
      "real": 0.46892926550322517,
      "shuffle": 0.06885718165257534,
      "replay": 0.37588337465509064
    },
    "random_temporal": {
      "real": 0.03164844145484017,
      "shuffle": 0.051062075848046215,
      "replay": 0.05513067625539362
    },
    "perturb_recover": {
      "real": 0.18175400295217475,
      "shuffle": 0.08544365215352144,
      "replay": 0.04839952998480688
    }
  },
  "ratio": 8.83166069054968
}