{
  "N": 4,
  "C_original": {
    "mean": 0.9963933713190521,
    "std": 0.0026739153931617378,
    "min": 0.9920222439772014,
    "max": 0.9991521640328139,
    "CI_95": 0.002620437085298503
  },
  "C_rank": {
    "mean": 0.9956844524224132,
    "std": 0.0033755466390306297,
    "min": 0.9908588188172789,
    "max": 0.99910054704434
  },
  "C_zscore": {
    "mean": 0.9965663099665856,
    "std": 0.002408546563989353,
    "min": 0.992677124318626,
    "max": 0.9991670310774204
  },
  "\u0394C_rank": {
    "mean": 0.0013897494183150727,
    "std": 0.0006859113161686584,
    "min": 0.0005689254575640401,
    "max": 0.0024649860124211775
  },
  "\u0394C_zscore": {
    "mean": 0.00019093973830155986,
    "std": 0.0002682902354944204,
    "min": 1.4867044606514668e-05,
    "max": 0.0006548803414245796
  },
  "\u0394C_dimension": {
    "mean": 0.0033658886459251025,
    "std": 0.002498846394999726,
    "min": 0.0009071966607926418,
    "max": 0.007464833357282319
  }
}