system,stability,betweenness,degree
white_noise,0.672086,0.3848969166210544,0.3
recursive_market,0.293974,0.3701149425287356,0.13333333333333333
disconnected_flow,1.152038,0.3310344827586207,0.16666666666666666
FerromagneticMagnetization,0.9978,0.31454844006568133,0.36666666666666664
CrystallizationFromLiquid,0.960019,0.15879948914431674,0.23333333333333334
HeatTransportPhononic,0.960019,0.15688742930122238,0.23333333333333334
