{"chirp": {"evolving": [-0.4903142200715557, -0.5316306039868169, -0.49637599278605765, -0.39223227027636803], "replay": [-0.5106027918355358, -0.4147598827774243, -0.5110813154313018, 0.588348405414552], "stitched": [-0.49055886041592944, -0.5200444314017377, -0.4961338969491757, 1.5689290811054721], "reverse": [-0.5084507697699266, -0.5316306039868169, -0.49637599278605765, -0.39223227027636803], "adversarial": [1.9999266420929473, 1.9980655221527959, 1.9999671979525928, -1.372812945967288]}, "random_walk_trend": {"evolving": [-0.5011349184029068, -0.5117813069705384, -0.5170635227272457, -1.5276724303679132], "replay": [-0.5006302883133777, -0.47348250942837883, -0.4399798390198561, 0.03285317054554652], "stitched": [-0.49457741238848396, -0.502757193253057, -0.5249316636096645, -0.2956785349099187], "reverse": [-0.5036485006162011, -0.5117813069705384, -0.5170635227272457, 1.593378771459006], "adversarial": [1.9999911197209699, 1.9998023166225127, 1.9990385480840116, 0.1971190232732791]}, "regime_switching": {"evolving": [-0.469142118070777, -0.555416906424392, -0.49035273936691576, 1.647631410703475], "replay": [-0.6891140682287148, -0.3258268504296044, -0.5406051190068104, 0.05314940034527339], "stitched": [-0.3439264953630964, -0.555416906424392, -0.478227568856762, -0.7440916048338274], "reverse": [-0.48553019287760335, -0.5554169064244044, -0.49035273936691576, -1.2755856082865613], "adversarial": [1.9877128745401915, 1.9920775697027928, 1.9995381665974037, 0.31889640207164033]}, "chaotic_logistic": {"evolving": [1.195395584994317, 0.5028337619852087, 0.3453784776723349, 1.716790150557904], "replay": [-0.5655530467793968, 0.5032612551602782, 1.277888127479185, -0.12262786789699316], "stitched": [0.6627655607486731, 0.49104986053893707, -0.21275024508903992, -0.429197537639476], "reverse": [0.34780437251929003, 0.502833761985208, 0.34537847767233626, -1.3489065468669248], "adversarial": [-1.6404124714828876, -1.9999786396696335, -1.7558948377348162, 0.18394180184548972]}, "coupled_oscillator": {"evolving": [-0.500153690009228, -0.5003439570887456, -0.5000875280930582, -0.20412414523193154], "replay": [-0.49862801707160026, -0.5021615962145641, -0.4999217854214479, -0.20412414523193154], "stitched": [-0.5012135987993742, -0.49714788086764594, -0.49990315222856635, -1.2247448713915892], "reverse": [-0.5000040183605128, -0.5003439570887438, -0.5000875280930582, 1.8371173070873836], "adversarial": [1.9999993242407152, 1.9999973912596996, 1.9999999938361308, -0.20412414523193154]}}