{
  "results": {
    "chirp": {
      "replay": 3.181099427315525,
      "stitch": 4.8438182585446174,
      "reverse": 5.460451728952288,
      "adv": 4.548766278196515,
      "corr": 0.9646249235877491,
      "gate": false,
      "metrics": {
        "base": [
          2.63230177592677,
          0.018837554349162806,
          4.155057713323814,
          0.1603773584754361
        ],
        "replay": [
          1.0000955836339205,
          0.004868245341809355,
          1.429368722701014,
          0.0
        ],
        "stitch": [
          0.7348669024197174,
          0.018844224723327845,
          -0.2950272899777685,
          -0.08264462809234342
        ],
        "reverse": [
          0.379895652217886,
          0.018837563209104423,
          -0.8060157508197466,
          -0.20149253729839606
        ],
        "adv": [
          0.9603340968269675,
          0.045562451470170184,
          -0.07240535122963254,
          0.006622516556072102
        ]
      }
    },
    "rw_trend": {
      "replay": 3.7647741256025395,
      "stitch": 1.8976656386616393,
      "reverse": 4.033453640747359,
      "adv": 2.780164063627676,
      "corr": 0.6868873404916013,
      "gate": true,
      "metrics": {
        "base": [
          1.036228593217177,
          0.00014819383153783953,
          1.8370533465811216,
          0.03260869564862949
        ],
        "replay": [
          1.0001905980942365,
          0.00492995142586647,
          5.601510716173224,
          0.0
        ],
        "stitch": [
          0.9228650429813667,
          0.004754012698704938,
          -0.01606991903233124,
          0.4252873562729555
        ],
        "reverse": [
          0.9650380297799948,
          0.00014818906999631708,
          -2.194634753446315,
          -0.06315789473019391
        ],
        "adv": [
          0.9929046936470296,
          0.06248226288293289,
          4.615949138061165,
          -0.0032786885244826657
        ]
      }
    },
    "regime_switch": {
      "replay": 0.9463338145278064,
      "stitch": 1.605651780078896,
      "reverse": 20.610530759186982,
      "adv": 1.2956612343181249,
      "corr": 0.9522852583720552,
      "gate": false,
      "metrics": {
        "base": [
          0.24958723199494745,
          0.07339653097637502,
          -0.9505880690373132,
          -0.573991031364395
        ],
        "replay": [
          0.9958357993007718,
          0.16928509373894282,
          -0.951254220161626,
          0.0
        ],
        "stitch": [
          1.790932068690491,
          0.06871019308172574,
          -0.8638539779087798,
          -0.13259668507554714
        ],
        "reverse": [
          4.006615210269425,
          0.07338969643906629,
          19.238027142779316,
          1.1862745096876202
        ],
        "adv": [
          1.0264430463847367,
          0.13196023754527186,
          -0.0934319234729856,
          0.006600660065788757
        ]
      }
    },
    "chaotic_logistic": {
      "replay": 0.5949830761094402,
      "stitch": 0.9922157610656588,
      "reverse": 1.5146662513897715,
      "adv": 19.19738912771014,
      "corr": 0.637190561572798,
      "gate": true,
      "metrics": {
        "base": [
          1.0363738330810603,
          19.280598362601683,
          1.010079300234949,
          0.020905923344219306
        ],
        "replay": [
          0.9990221495805734,
          18.949794200621632,
          1.5027670932460333,
          0.0
        ],
        "stitch": [
          1.0512034113357875,
          19.279297972365306,
          0.018272473382574678,
          -0.0033783783782642437
        ],
        "reverse": [
          0.9649027870831862,
          19.280601653815893,
          -0.5025071896998706,
          -0.013559322033438667
        ],
        "adv": [
          0.9918039595661328,
          0.08495357198187835,
          1.2631303890154781,
          -0.009900990098683135
        ]
      }
    },
    "coupled_osc": {
      "replay": 0.19449714901175907,
      "stitch": 0.27483075147510055,
      "reverse": 0.43772197802809265,
      "adv": 0.17774389268287824,
      "corr": 0.9122518487184514,
      "gate": false,
      "metrics": {
        "base": [
          0.8059959047900614,
          4.899008396427938e-05,
          0.025408399915375503,
          -0.010638297871208692
        ],
        "replay": [
          0.9998364170439968,
          0.004791353766050953,
          0.014484417676987877,
          0.0
        ],
        "stitch": [
          1.0797803620437891,
          0.0046551528517914,
          0.004441215898203114,
          0.0
        ],
        "reverse": [
          1.2407010929670554,
          4.8989928048770036e-05,
          -0.024778810001432224,
          0.0
        ],
        "adv": [
          0.9779543861650466,
          0.04502187226195901,
          0.025748378099706416,
          -0.009933774834108153
        ]
      }
    }
  },
  "global_corr": [
    [
      1.0,
      -0.08493041854797548,
      0.8254425059988978,
      0.8216928937624742
    ],
    [
      -0.08493041854797548,
      1.0,
      -0.09150222942846584,
      -0.04372498331534177
    ],
    [
      0.8254425059988979,
      -0.09150222942846584,
      1.0,
      0.8205383216561185
    ],
    [
      0.8216928937624743,
      -0.04372498331534176,
      0.8205383216561184,
      1.0
    ]
  ],
  "metric_std": [
    0.7176575300701825,
    7.0237182348125815,
    4.062308240073973,
    0.2823367241611002
  ],
  "dead_metrics": [
    false,
    false,
    false,
    false
  ]
}