{
  "results": {
    "chirp": {
      "replay": 9.195524896406278,
      "stitch": 22.07677820439253,
      "reverse": 22.167417551600643,
      "adv": 21.20302525305625,
      "corr": 0.998666476991923,
      "gate": false,
      "metrics": {
        "base": [
          0.060212908997293355,
          21.21243737464246,
          0.0004923342850556934,
          0.0
        ],
        "replay": [
          0.024646674589853753,
          12.01698736800977,
          0.011091339739793695,
          0.0
        ],
        "stitch": [
          0.06014301101795533,
          -0.8643408296394163,
          0.0004923342850556997,
          0.0
        ],
        "reverse": [
          0.06022433214345331,
          -0.9549801769552386,
          0.0004923342850556925,
          0.0
        ],
        "adv": [
          0.8860050285773841,
          0.04844354820213396,
          0.9862471574415427,
          0.0
        ]
      }
    },
    "rw_trend": {
      "replay": 1.5348251110535531,
      "stitch": 1.4733508740696162,
      "reverse": 1.5083316534973346,
      "adv": 1.709617196783878,
      "corr": 0.9980431994307919,
      "gate": false,
      "metrics": {
        "base": [
          4.203626945986985e-05,
          1.0066697565770333,
          0.02689037955788246,
          0.0
        ],
        "replay": [
          0.07388107353634618,
          -0.5263379835152543,
          0.03798652221768857,
          -0.00025006251562890644
        ],
        "stitch": [
          0.00464448809259891,
          -0.4666739289081007,
          0.026890379557882534,
          0.0
        ],
        "reverse": [
          4.2031520153624374e-05,
          -0.5016618969203014,
          0.026890379557882454,
          0.0
        ],
        "adv": [
          0.9770861961823196,
          0.042023822597525844,
          1.0455335414041411,
          0.0
        ]
      }
    },
    "regime_switch": {
      "replay": 0.45189417095058027,
      "stitch": 20.306931035790495,
      "reverse": 220.7663943135985,
      "adv": 1.3539418084769408,
      "corr": 0.7522932836941095,
      "gate": true,
      "metrics": {
        "base": [
          0.2908117584384751,
          -0.995470418013581,
          0.2865377352033711,
          -0.0002500625156289099
        ],
        "replay": [
          0.6548765901781538,
          -0.7300197071257529,
          0.32119314729667425,
          0.0
        ],
        "stitch": [
          0.28617856675134246,
          19.311460083068088,
          0.2865377352033711,
          0.0002500625156289099
        ],
        "reverse": [
          0.29081037583934494,
          219.77092389501846,
          0.2865377352033711,
          0.0002500625156289099
        ],
        "adv": [
          0.7516569392364726,
          0.0004021949889895379,
          1.0796440512943828,
          0.0002500625156289238
        ]
      }
    },
    "chaotic_logistic": {
      "replay": 0.16910185222942067,
      "stitch": 0.04374778199393962,
      "reverse": 0.03526483369863765,
      "adv": 20.254467036663172,
      "corr": 0.9752312925257381,
      "gate": false,
      "metrics": {
        "base": [
          21.044928155944184,
          0.01778783917775496,
          1.4708671650304646,
          0.0
        ],
        "replay": [
          20.932508553973605,
          0.09858216119648062,
          1.567972697923653,
          0.0002500625156289238
        ],
        "stitch": [
          21.04386315833554,
          0.06152265608011377,
          1.4708671650304643,
          0.0
        ],
        "reverse": [
          21.044976201239287,
          -0.017476961792081643,
          1.4708671650304643,
          0.0
        ],
        "adv": [
          0.7944290443481359,
          0.010665056722516046,
          1.0700306191758135,
          0.0
        ]
      }
    },
    "coupled_osc": {
      "replay": 1.1770676384376526,
      "stitch": 17.259025538502662,
      "reverse": 17.395380752484254,
      "adv": 16.51144184589546,
      "corr": 0.9999659968645831,
      "gate": false,
      "metrics": {
        "base": [
          0.00012226853851549834,
          16.45267854045461,
          0.012274171958444553,
          0.0002500625156289073
        ],
        "replay": [
          0.004975853091680795,
          15.275620925728418,
          0.012473644430127911,
          0.0002500625156289073
        ],
        "stitch": [
          0.004726671236647907,
          -0.8063463820498948,
          0.01227417195844457,
          0.0
        ],
        "reverse": [
          0.0001222679216847683,
          -0.942702204840235,
          0.012274171958444574,
          -0.0002500625156289073
        ],
        "adv": [
          0.6345660072601236,
          -0.02001145382117722,
          0.9480504607901751,
          0.0
        ]
      }
    }
  },
  "global_corr": [
    [
      0.9999999999999999,
      -0.12228627806249658,
      0.7769257603420306,
      0.09935260686784685
    ],
    [
      -0.12228627806249658,
      1.0,
      -0.12889137775759266,
      0.37594441918031835
    ],
    [
      0.7769257603420306,
      -0.12889137775759266,
      1.0,
      0.16618363095789054
    ],
    [
      0.09935260686784685,
      0.37594441918031835,
      0.16618363095789054,
      1.0
    ]
  ],
  "metric_std": [
    7.608833371316635,
    42.99442209205097,
    0.5781518254140442,
    0.00014700613610101843
  ],
  "dead_metrics": [
    false,
    false,
    false,
    false
  ]
}