{
  "0.0": {
    "C_pre": [
      0.46079,
      0.028991855178078316
    ],
    "C_min": [
      0.47429000000000004,
      0.040103074140962765
    ],
    "dC": [
      0.013489999999999999,
      0.04803509018299944
    ],
    "tau_rec": [
      117.0,
      15.811388300841896
    ],
    "C_ratio": [
      1.1255099999999998,
      0.08266415923616609
    ],
    "overshoot": [
      0.22874000000000003,
      0.07080088197818506
    ]
  },
  "0.05": {
    "C_pre": [
      0.46973000000000004,
      0.02648966465120563
    ],
    "C_min": [
      0.47966,
      0.04986045415847001
    ],
    "dC": [
      0.009930000000000001,
      0.028774373243487954
    ],
    "tau_rec": [
      112.0,
      0.0
    ],
    "C_ratio": [
      1.15502,
      0.10835191430396292
    ],
    "overshoot": [
      0.28539000000000003,
      0.10164364165499429
    ]
  },
  "0.1": {
    "C_pre": [
      0.4515599999999999,
      0.03496144543159889
    ],
    "C_min": [
      0.43977999999999995,
      0.03687506836151855
    ],
    "dC": [
      -0.011779999999999999,
      0.043737342295927295
    ],
    "tau_rec": [
      139.5,
      78.57233044215445
    ],
    "C_ratio": [
      1.21471,
      0.12688967605321125
    ],
    "overshoot": [
      0.36010000000000003,
      0.12487908818800154
    ]
  },
  "0.2": {
    "C_pre": [
      0.46648999999999996,
      0.02135272295932716
    ],
    "C_min": [
      0.50166,
      0.05414963219327227
    ],
    "dC": [
      0.03517,
      0.05202661818723181
    ],
    "tau_rec": [
      112.0,
      0.0
    ],
    "C_ratio": [
      1.1985299999999999,
      0.15252481801697423
    ],
    "overshoot": [
      0.32316,
      0.12222626740780576
    ]
  },
  "0.3": {
    "C_pre": [
      0.47011000000000003,
      0.025985998366641807
    ],
    "C_min": [
      0.50675,
      0.03527036055008984
    ],
    "dC": [
      0.03662,
      0.048304653560040725
    ],
    "tau_rec": [
      112.0,
      0.0
    ],
    "C_ratio": [
      1.25244,
      0.10272982040284118
    ],
    "overshoot": [
      0.37437,
      0.0929569201297031
    ]
  },
  "0.5": {
    "C_pre": [
      0.46937000000000006,
      0.030309882876712005
    ],
    "C_min": [
      0.45116000000000006,
      0.24030972699599343
    ],
    "dC": [
      -0.018199999999999994,
      0.2495485702000492
    ],
    "tau_rec": [
      112.0,
      0.0
    ],
    "C_ratio": [
      1.09722,
      0.5954970431869872
    ],
    "overshoot": [
      0.47750000000000004,
      0.1307145199061134
    ]
  }
}