{
  "t901_n": 60,
  "bench_n": 8,
  "metrics": [
    "C",
    "I_pred",
    "C_\u03c3",
    "MSE"
  ],
  "targets": [
    "\u0394C (dip)",
    "Restoration",
    "\u03c4_rec"
  ],
  "correlations_t901": [
    [
      1.0,
      0.6704110082869583,
      -0.4573369536216393,
      -0.8920941464650957
    ],
    [
      0.6704110082869583,
      1.0,
      -0.2913682851929911,
      -0.7415303020047069
    ],
    [
      -0.4573369536216393,
      -0.29136828519299107,
      1.0,
      0.6081212010131325
    ],
    [
      -0.8920941464650955,
      -0.741530302004707,
      0.6081212010131325,
      1.0
    ]
  ],
  "correlations_bench": [
    [
      1.0,
      0.24050832209873071,
      -0.6010498862685342,
      -0.29501492876271473
    ],
    [
      0.24050832209873074,
      1.0,
      -0.7021589077180642,
      -0.8117385023108049
    ],
    [
      -0.6010498862685342,
      -0.7021589077180642,
      0.9999999999999999,
      0.7050613363691801
    ],
    [
      -0.29501492876271473,
      -0.8117385023108049,
      0.7050613363691801,
      1.0
    ]
  ],
  "partial_r2_dip": {
    "r2_full": 0.1274,
    "unique": {
      "C": 0.0459,
      "I_pred": 0.0092,
      "C_\u03c3": 0.0029,
      "MSE": 0.007
    },
    "shared": 0.0625,
    "unexplained": 0.8726
  },
  "partial_r2_restoration": {
    "r2_full": 0.1738,
    "unique": {
      "C": 0.0096,
      "I_pred": 0.0271,
      "C_\u03c3": 0.0791,
      "MSE": 0.0
    },
    "shared": 0.0581,
    "unexplained": 0.8262
  },
  "partial_r2_tau_rec": {
    "r2_full": 0.0897,
    "unique": {
      "C": 0.0012,
      "I_pred": 0.003,
      "C_\u03c3": 0.0363,
      "MSE": 0.0323
    },
    "shared": 0.0169,
    "unexplained": 0.9103
  }
}