{
  "cross_domain": {
    "n_systems": 8,
    "R\u00b2": 0.4371,
    "R\u00b2_adj": -0.3134,
    "RMSE": 0.2081,
    "LOO_R\u00b2": -17.1788,
    "LOO_RMSE": 1.1829,
    "residuals": [
      -0.14823565384949478,
      0.48107450357259013,
      -0.24488774395649598,
      -0.13373706239122424,
      0.029082659190365415,
      -0.07301380772065874,
      -0.005767041407122919,
      0.09548414656203602
    ],
    "predictions": [
      0.15235189612840444,
      0.33025665873953153,
      0.5061437106567462,
      0.2743540014361199,
      0.1006738461356027,
      0.276975384686133,
      0.6902839666084861,
      0.4777931897179331
    ],
    "loo_predictions": [
      1.377440072232415,
      0.1158712327805318,
      0.6651681647465775,
      0.35407726874845064,
      -0.5555069602307123,
      0.2940591141750782,
      0.7555334701567866,
      -2.278490226456319
    ],
    "actuals": [
      0.004116242278909657,
      0.8113311623121217,
      0.26125596670025025,
      0.14061693904489564,
      0.1297565053259681,
      0.20396157696547423,
      0.6845169252013632,
      0.5732773362799691
    ]
  },
  "within_domain": {
    "n_runs": 60,
    "R\u00b2": 0.8077,
    "R\u00b2_adj": 0.7974,
    "RMSE": 0.0243,
    "LOO_R\u00b2": 0.7607,
    "LOO_RMSE": 0.0271,
    "residuals_by_friction": {
      "0.05": {
        "mean": 0.0192,
        "std": 0.015
      },
      "0.1": {
        "mean": 0.0047,
        "std": 0.0125
      },
      "0.2": {
        "mean": 0.002,
        "std": 0.0099
      },
      "0.4": {
        "mean": -0.007,
        "std": 0.0265
      },
      "0.6": {
        "mean": -0.0045,
        "std": 0.0344
      },
      "0.8": {
        "mean": -0.0145,
        "std": 0.0225
      }
    }
  },
  "per_system": {},
  "verdict": "C is PARTIALLY reconstructable. It shares substantial variance with competitors but retains some unique information.",
  "pillar_status": "THEory PILLAR WEAKENED: C is mostly redundant but not entirely derivable."
}