{
  "depths": {
    "1": {
      "transition_matrix": [
        [
          0.47125,
          0.00125,
          0.19375
        ],
        [
          0.00125,
          0.0,
          0.0
        ],
        [
          0.22875,
          0.0,
          0.10375
        ]
      ],
      "eigenvalues": [
        0.5669380996957939,
        0.008097213489866792,
        -3.531318566111804e-05
      ],
      "variance_explained": [
        0.9859793038187726,
        0.014082110417159647,
        -6.141423593237924e-05
      ],
      "top2_variance": 1.0000614142359323,
      "absorption_rate": 0.2975,
      "neutral_persistence": 0.10375,
      "topology_agreement": 0.009444444444444445
    },
    "2": {
      "transition_matrix": [
        [
          0.47,
          0.00375,
          0.1925
        ],
        [
          0.00125,
          0.0,
          0.0
        ],
        [
          0.24375,
          0.0,
          0.08875
        ]
      ],
      "eigenvalues": [
        0.5679295366343303,
        7.911655529464579e-05,
        -0.009258653189624771
      ],
      "variance_explained": [
        1.016428700911553,
        0.00014159562468840403,
        -0.016570296536241196
      ],
      "top2_variance": 1.0165702965362413,
      "absorption_rate": 0.28125,
      "neutral_persistence": 0.08875,
      "topology_agreement": 0.009333333333333336
    },
    "3": {
      "transition_matrix": [
        [
          0.53875,
          0.00125,
          0.12625
        ],
        [
          0.00125,
          0.0,
          0.0
        ],
        [
          0.27125,
          0.0,
          0.06125
        ]
      ],
      "eigenvalues": [
        0.602073299952286,
        7.402509296857961e-05,
        -0.002147325045254819
      ],
      "variance_explained": [
        1.003455499920477,
        0.00012337515494763274,
        -0.0035788750754246995
      ],
      "top2_variance": 1.0035788750754246,
      "absorption_rate": 0.1875,
      "neutral_persistence": 0.06125,
      "topology_agreement": 0.007277777777777781
    },
    "4": {
      "transition_matrix": [
        [
          0.4225,
          0.00375,
          0.24
        ],
        [
          0.00125,
          0.0,
          0.0
        ],
        [
          0.2275,
          0.0025,
          0.1025
        ]
      ],
      "eigenvalues": [
        0.5457051931262232,
        -2.3882125335859126e-05,
        -0.020681311000887413
      ],
      "variance_explained": [
        1.0394384630975682,
        -4.5489762544493584e-05,
        -0.03939297333502365
      ],
      "top2_variance": 1.0393929733350236,
      "absorption_rate": 0.34249999999999997,
      "neutral_persistence": 0.1025,
      "topology_agreement": 0.011555555555555555
    },
    "5": {
      "transition_matrix": [
        [
          0.4575,
          0.00375,
          0.205
        ],
        [
          0.0,
          0.0,
          0.00125
        ],
        [
          0.23625,
          0.0025,
          0.09375
        ]
      ],
      "eigenvalues": [
        0.5611286187303804,
        5.779918502385199e-05,
        -0.009936417915404252
      ],
      "variance_explained": [
        1.0179203967898058,
        0.0001048511292949696,
        -0.018025247919100682
      ],
      "top2_variance": 1.0180252479191008,
      "absorption_rate": 0.3,
      "neutral_persistence": 0.09375,
      "topology_agreement": 0.006555555555555553
    },
    "6": {
      "transition_matrix": [
        [
          0.51625,
          0.0,
          0.15
        ],
        [
          0.00125,
          0.0,
          0.0
        ],
        [
          0.2525,
          0.0,
          0.08
        ]
      ],
      "eigenvalues": [
        0.5904493329334729,
        0.005800667066526932,
        0.0
      ],
      "variance_explained": [
        0.9902714179177745,
        0.009728582082225466,
        0.0
      ],
      "top2_variance": 1.0,
      "absorption_rate": 0.22999999999999998,
      "neutral_persistence": 0.08,
      "topology_agreement": 0.006000000000000005
    },
    "7": {
      "transition_matrix": [
        [
          0.44875,
          0.005,
          0.2125
        ],
        [
          0.00125,
          0.0,
          0.0
        ],
        [
          0.20125,
          0.00125,
          0.13
        ]
      ],
      "eigenvalues": [
        0.5504715200720626,
        0.028309311876907835,
        -3.0831948970077625e-05
      ],
      "variance_explained": [
        0.9511386955888763,
        0.04891457775707614,
        -5.327334595261789e-05
      ],
      "top2_variance": 1.0000532733459524,
      "absorption_rate": 0.3425,
      "neutral_persistence": 0.13,
      "topology_agreement": 0.006944444444444445
    },
    "8": {
      "transition_matrix": [
        [
          0.49125,
          0.00125,
          0.17375
        ],
        [
          0.0,
          0.0,
          0.00125
        ],
        [
          0.23375,
          0.0,
          0.09875
        ]
      ],
      "eigenvalues": [
        0.5762983447501869,
        0.013655243834345052,
        4.6411415468209295e-05
      ],
      "variance_explained": [
        0.9767768555087911,
        0.023144481075161098,
        7.866341604781233e-05
      ],
      "top2_variance": 0.9999213365839522,
      "absorption_rate": 0.27375,
      "neutral_persistence": 0.09875,
      "topology_agreement": 0.0067222222222222214
    },
    "9": {
      "transition_matrix": [
        [
          0.525,
          0.0,
          0.14125
        ],
        [
          0.00125,
          0.0,
          0.0
        ],
        [
          0.2525,
          0.0,
          0.08
        ]
      ],
      "eigenvalues": [
        0.5943422090788102,
        0.01065779092118975,
        0.0
      ],
      "variance_explained": [
        0.9823838166591904,
        0.017616183340809503,
        0.0
      ],
      "top2_variance": 0.9999999999999999,
      "absorption_rate": 0.22125,
      "neutral_persistence": 0.08,
      "topology_agreement": 0.010055555555555552
    },
    "10": {
      "transition_matrix": [
        [
          0.43875,
          0.0025,
          0.225
        ],
        [
          0.00125,
          0.0,
          0.0
        ],
        [
          0.2175,
          0.00125,
          0.11375
        ]
      ],
      "eigenvalues": [
        0.5507438394706144,
        0.0017601900263310775,
        -4.029496945888368e-06
      ],
      "variance_explained": [
        0.9968214289060902,
        0.003185864301051726,
        -7.2932071418794034e-06
      ],
      "top2_variance": 1.000007293207142,
      "absorption_rate": 0.33875,
      "neutral_persistence": 0.11375,
      "topology_agreement": 0.01266666666666667
    },
    "11": {
      "transition_matrix": [
        [
          0.48625,
          0.0,
          0.18
        ],
        [
          0.00125,
          0.0,
          0.0
        ],
        [
          0.2425,
          0.0,
          0.09
        ]
      ],
      "eigenvalues": [
        0.576054706048195,
        0.00019529395180496734,
        0.0
      ],
      "variance_explained": [
        0.9996610950944816,
        0.00033890490551838153,
        0.0
      ],
      "top2_variance": 1.0,
      "absorption_rate": 0.27,
      "neutral_persistence": 0.09,
      "topology_agreement": 0.010222222222222226
    },
    "12": {
      "transition_matrix": [
        [
          0.525,
          0.00125,
          0.14
        ],
        [
          0.00125,
          0.0,
          0.0
        ],
        [
          0.24375,
          0.0025,
          0.08625
        ]
      ],
      "eigenvalues": [
        0.59242190398686,
        0.01880091587727007,
        2.7180135870193627e-05
      ],
      "variance_explained": [
        0.9691973889355578,
        0.030758144584490898,
        4.4466479951236995e-05
      ],
      "top2_variance": 0.9999555335200487,
      "absorption_rate": 0.22625,